image_path,label
ped2/training/frames/01/000.jpg,0
ped2/training/frames/01/001.jpg,0
ped2/training/frames/01/002.jpg,0
ped2/training/frames/01/003.jpg,0
ped2/training/frames/01/004.jpg,0
ped2/training/frames/01/005.jpg,0
ped2/training/frames/01/006.jpg,0
ped2/training/frames/01/007.jpg,0
ped2/training/frames/01/008.jpg,0
ped2/training/frames/01/009.jpg,0
ped2/training/frames/01/010.jpg,0
ped2/training/frames/01/011.jpg,0
ped2/training/frames/01/012.jpg,0
ped2/training/frames/01/013.jpg,0
ped2/training/frames/01/014.jpg,0
ped2/training/frames/01/015.jpg,0
ped2/training/frames/01/016.jpg,0
ped2/training/frames/01/017.jpg,0
ped2/training/frames/01/018.jpg,0
ped2/training/frames/01/019.jpg,0
ped2/training/frames/01/020.jpg,0
ped2/training/frames/01/021.jpg,0
ped2/training/frames/01/022.jpg,0
ped2/training/frames/01/023.jpg,0
ped2/training/frames/01/024.jpg,0
ped2/training/frames/01/025.jpg,0
ped2/training/frames/01/026.jpg,0
ped2/training/frames/01/027.jpg,0
ped2/training/frames/01/028.jpg,0
ped2/training/frames/01/029.jpg,0
ped2/training/frames/01/030.jpg,0
ped2/training/frames/01/031.jpg,0
ped2/training/frames/01/032.jpg,0
ped2/training/frames/01/033.jpg,0
ped2/training/frames/01/034.jpg,0
ped2/training/frames/01/035.jpg,0
ped2/training/frames/01/036.jpg,0
ped2/training/frames/01/037.jpg,0
ped2/training/frames/01/038.jpg,0
ped2/training/frames/01/039.jpg,0
ped2/training/frames/01/040.jpg,0
ped2/training/frames/01/041.jpg,0
ped2/training/frames/01/042.jpg,0
ped2/training/frames/01/043.jpg,0
ped2/training/frames/01/044.jpg,0
ped2/training/frames/01/045.jpg,0
ped2/training/frames/01/046.jpg,0
ped2/training/frames/01/047.jpg,0
ped2/training/frames/01/048.jpg,0
ped2/training/frames/01/049.jpg,0
ped2/training/frames/01/050.jpg,0
ped2/training/frames/01/051.jpg,0
ped2/training/frames/01/052.jpg,0
ped2/training/frames/01/053.jpg,0
ped2/training/frames/01/054.jpg,0
ped2/training/frames/01/055.jpg,0
ped2/training/frames/01/056.jpg,0
ped2/training/frames/01/057.jpg,0
ped2/training/frames/01/058.jpg,0
ped2/training/frames/01/059.jpg,0
ped2/training/frames/01/060.jpg,0
ped2/training/frames/01/061.jpg,0
ped2/training/frames/01/062.jpg,0
ped2/training/frames/01/063.jpg,0
ped2/training/frames/01/064.jpg,0
ped2/training/frames/01/065.jpg,0
ped2/training/frames/01/066.jpg,0
ped2/training/frames/01/067.jpg,0
ped2/training/frames/01/068.jpg,0
ped2/training/frames/01/069.jpg,0
ped2/training/frames/01/070.jpg,0
ped2/training/frames/01/071.jpg,0
ped2/training/frames/01/072.jpg,0
ped2/training/frames/01/073.jpg,0
ped2/training/frames/01/074.jpg,0
ped2/training/frames/01/075.jpg,0
ped2/training/frames/01/076.jpg,0
ped2/training/frames/01/077.jpg,0
ped2/training/frames/01/078.jpg,0
ped2/training/frames/01/079.jpg,0
ped2/training/frames/01/080.jpg,0
ped2/training/frames/01/081.jpg,0
ped2/training/frames/01/082.jpg,0
ped2/training/frames/01/083.jpg,0
ped2/training/frames/01/084.jpg,0
ped2/training/frames/01/085.jpg,0
ped2/training/frames/01/086.jpg,0
ped2/training/frames/01/087.jpg,0
ped2/training/frames/01/088.jpg,0
ped2/training/frames/01/089.jpg,0
ped2/training/frames/01/090.jpg,0
ped2/training/frames/01/091.jpg,0
ped2/training/frames/01/092.jpg,0
ped2/training/frames/01/093.jpg,0
ped2/training/frames/01/094.jpg,0
ped2/training/frames/01/095.jpg,0
ped2/training/frames/01/096.jpg,0
ped2/training/frames/01/097.jpg,0
ped2/training/frames/01/098.jpg,0
ped2/training/frames/01/099.jpg,0
ped2/training/frames/01/100.jpg,0
ped2/training/frames/01/101.jpg,0
ped2/training/frames/01/102.jpg,0
ped2/training/frames/01/103.jpg,0
ped2/training/frames/01/104.jpg,0
ped2/training/frames/01/105.jpg,0
ped2/training/frames/01/106.jpg,0
ped2/training/frames/01/107.jpg,0
ped2/training/frames/01/108.jpg,0
ped2/training/frames/01/109.jpg,0
ped2/training/frames/01/110.jpg,0
ped2/training/frames/01/111.jpg,0
ped2/training/frames/01/112.jpg,0
ped2/training/frames/01/113.jpg,0
ped2/training/frames/01/114.jpg,0
ped2/training/frames/01/115.jpg,0
ped2/training/frames/01/116.jpg,0
ped2/training/frames/01/117.jpg,0
ped2/training/frames/01/118.jpg,0
ped2/training/frames/01/119.jpg,0
ped2/training/frames/02/000.jpg,0
ped2/training/frames/02/001.jpg,0
ped2/training/frames/02/002.jpg,0
ped2/training/frames/02/003.jpg,0
ped2/training/frames/02/004.jpg,0
ped2/training/frames/02/005.jpg,0
ped2/training/frames/02/006.jpg,0
ped2/training/frames/02/007.jpg,0
ped2/training/frames/02/008.jpg,0
ped2/training/frames/02/009.jpg,0
ped2/training/frames/02/010.jpg,0
ped2/training/frames/02/011.jpg,0
ped2/training/frames/02/012.jpg,0
ped2/training/frames/02/013.jpg,0
ped2/training/frames/02/014.jpg,0
ped2/training/frames/02/015.jpg,0
ped2/training/frames/02/016.jpg,0
ped2/training/frames/02/017.jpg,0
ped2/training/frames/02/018.jpg,0
ped2/training/frames/02/019.jpg,0
ped2/training/frames/02/020.jpg,0
ped2/training/frames/02/021.jpg,0
ped2/training/frames/02/022.jpg,0
ped2/training/frames/02/023.jpg,0
ped2/training/frames/02/024.jpg,0
ped2/training/frames/02/025.jpg,0
ped2/training/frames/02/026.jpg,0
ped2/training/frames/02/027.jpg,0
ped2/training/frames/02/028.jpg,0
ped2/training/frames/02/029.jpg,0
ped2/training/frames/02/030.jpg,0
ped2/training/frames/02/031.jpg,0
ped2/training/frames/02/032.jpg,0
ped2/training/frames/02/033.jpg,0
ped2/training/frames/02/034.jpg,0
ped2/training/frames/02/035.jpg,0
ped2/training/frames/02/036.jpg,0
ped2/training/frames/02/037.jpg,0
ped2/training/frames/02/038.jpg,0
ped2/training/frames/02/039.jpg,0
ped2/training/frames/02/040.jpg,0
ped2/training/frames/02/041.jpg,0
ped2/training/frames/02/042.jpg,0
ped2/training/frames/02/043.jpg,0
ped2/training/frames/02/044.jpg,0
ped2/training/frames/02/045.jpg,0
ped2/training/frames/02/046.jpg,0
ped2/training/frames/02/047.jpg,0
ped2/training/frames/02/048.jpg,0
ped2/training/frames/02/049.jpg,0
ped2/training/frames/02/050.jpg,0
ped2/training/frames/02/051.jpg,0
ped2/training/frames/02/052.jpg,0
ped2/training/frames/02/053.jpg,0
ped2/training/frames/02/054.jpg,0
ped2/training/frames/02/055.jpg,0
ped2/training/frames/02/056.jpg,0
ped2/training/frames/02/057.jpg,0
ped2/training/frames/02/058.jpg,0
ped2/training/frames/02/059.jpg,0
ped2/training/frames/02/060.jpg,0
ped2/training/frames/02/061.jpg,0
ped2/training/frames/02/062.jpg,0
ped2/training/frames/02/063.jpg,0
ped2/training/frames/02/064.jpg,0
ped2/training/frames/02/065.jpg,0
ped2/training/frames/02/066.jpg,0
ped2/training/frames/02/067.jpg,0
ped2/training/frames/02/068.jpg,0
ped2/training/frames/02/069.jpg,0
ped2/training/frames/02/070.jpg,0
ped2/training/frames/02/071.jpg,0
ped2/training/frames/02/072.jpg,0
ped2/training/frames/02/073.jpg,0
ped2/training/frames/02/074.jpg,0
ped2/training/frames/02/075.jpg,0
ped2/training/frames/02/076.jpg,0
ped2/training/frames/02/077.jpg,0
ped2/training/frames/02/078.jpg,0
ped2/training/frames/02/079.jpg,0
ped2/training/frames/02/080.jpg,0
ped2/training/frames/02/081.jpg,0
ped2/training/frames/02/082.jpg,0
ped2/training/frames/02/083.jpg,0
ped2/training/frames/02/084.jpg,0
ped2/training/frames/02/085.jpg,0
ped2/training/frames/02/086.jpg,0
ped2/training/frames/02/087.jpg,0
ped2/training/frames/02/088.jpg,0
ped2/training/frames/02/089.jpg,0
ped2/training/frames/02/090.jpg,0
ped2/training/frames/02/091.jpg,0
ped2/training/frames/02/092.jpg,0
ped2/training/frames/02/093.jpg,0
ped2/training/frames/02/094.jpg,0
ped2/training/frames/02/095.jpg,0
ped2/training/frames/02/096.jpg,0
ped2/training/frames/02/097.jpg,0
ped2/training/frames/02/098.jpg,0
ped2/training/frames/02/099.jpg,0
ped2/training/frames/02/100.jpg,0
ped2/training/frames/02/101.jpg,0
ped2/training/frames/02/102.jpg,0
ped2/training/frames/02/103.jpg,0
ped2/training/frames/02/104.jpg,0
ped2/training/frames/02/105.jpg,0
ped2/training/frames/02/106.jpg,0
ped2/training/frames/02/107.jpg,0
ped2/training/frames/02/108.jpg,0
ped2/training/frames/02/109.jpg,0
ped2/training/frames/02/110.jpg,0
ped2/training/frames/02/111.jpg,0
ped2/training/frames/02/112.jpg,0
ped2/training/frames/02/113.jpg,0
ped2/training/frames/02/114.jpg,0
ped2/training/frames/02/115.jpg,0
ped2/training/frames/02/116.jpg,0
ped2/training/frames/02/117.jpg,0
ped2/training/frames/02/118.jpg,0
ped2/training/frames/02/119.jpg,0
ped2/training/frames/02/120.jpg,0
ped2/training/frames/02/121.jpg,0
ped2/training/frames/02/122.jpg,0
ped2/training/frames/02/123.jpg,0
ped2/training/frames/02/124.jpg,0
ped2/training/frames/02/125.jpg,0
ped2/training/frames/02/126.jpg,0
ped2/training/frames/02/127.jpg,0
ped2/training/frames/02/128.jpg,0
ped2/training/frames/02/129.jpg,0
ped2/training/frames/02/130.jpg,0
ped2/training/frames/02/131.jpg,0
ped2/training/frames/02/132.jpg,0
ped2/training/frames/02/133.jpg,0
ped2/training/frames/02/134.jpg,0
ped2/training/frames/02/135.jpg,0
ped2/training/frames/02/136.jpg,0
ped2/training/frames/02/137.jpg,0
ped2/training/frames/02/138.jpg,0
ped2/training/frames/02/139.jpg,0
ped2/training/frames/02/140.jpg,0
ped2/training/frames/02/141.jpg,0
ped2/training/frames/02/142.jpg,0
ped2/training/frames/02/143.jpg,0
ped2/training/frames/02/144.jpg,0
ped2/training/frames/02/145.jpg,0
ped2/training/frames/02/146.jpg,0
ped2/training/frames/02/147.jpg,0
ped2/training/frames/02/148.jpg,0
ped2/training/frames/02/149.jpg,0
ped2/training/frames/03/000.jpg,0
ped2/training/frames/03/001.jpg,0
ped2/training/frames/03/002.jpg,0
ped2/training/frames/03/003.jpg,0
ped2/training/frames/03/004.jpg,0
ped2/training/frames/03/005.jpg,0
ped2/training/frames/03/006.jpg,0
ped2/training/frames/03/007.jpg,0
ped2/training/frames/03/008.jpg,0
ped2/training/frames/03/009.jpg,0
ped2/training/frames/03/010.jpg,0
ped2/training/frames/03/011.jpg,0
ped2/training/frames/03/012.jpg,0
ped2/training/frames/03/013.jpg,0
ped2/training/frames/03/014.jpg,0
ped2/training/frames/03/015.jpg,0
ped2/training/frames/03/016.jpg,0
ped2/training/frames/03/017.jpg,0
ped2/training/frames/03/018.jpg,0
ped2/training/frames/03/019.jpg,0
ped2/training/frames/03/020.jpg,0
ped2/training/frames/03/021.jpg,0
ped2/training/frames/03/022.jpg,0
ped2/training/frames/03/023.jpg,0
ped2/training/frames/03/024.jpg,0
ped2/training/frames/03/025.jpg,0
ped2/training/frames/03/026.jpg,0
ped2/training/frames/03/027.jpg,0
ped2/training/frames/03/028.jpg,0
ped2/training/frames/03/029.jpg,0
ped2/training/frames/03/030.jpg,0
ped2/training/frames/03/031.jpg,0
ped2/training/frames/03/032.jpg,0
ped2/training/frames/03/033.jpg,0
ped2/training/frames/03/034.jpg,0
ped2/training/frames/03/035.jpg,0
ped2/training/frames/03/036.jpg,0
ped2/training/frames/03/037.jpg,0
ped2/training/frames/03/038.jpg,0
ped2/training/frames/03/039.jpg,0
ped2/training/frames/03/040.jpg,0
ped2/training/frames/03/041.jpg,0
ped2/training/frames/03/042.jpg,0
ped2/training/frames/03/043.jpg,0
ped2/training/frames/03/044.jpg,0
ped2/training/frames/03/045.jpg,0
ped2/training/frames/03/046.jpg,0
ped2/training/frames/03/047.jpg,0
ped2/training/frames/03/048.jpg,0
ped2/training/frames/03/049.jpg,0
ped2/training/frames/03/050.jpg,0
ped2/training/frames/03/051.jpg,0
ped2/training/frames/03/052.jpg,0
ped2/training/frames/03/053.jpg,0
ped2/training/frames/03/054.jpg,0
ped2/training/frames/03/055.jpg,0
ped2/training/frames/03/056.jpg,0
ped2/training/frames/03/057.jpg,0
ped2/training/frames/03/058.jpg,0
ped2/training/frames/03/059.jpg,0
ped2/training/frames/03/060.jpg,0
ped2/training/frames/03/061.jpg,0
ped2/training/frames/03/062.jpg,0
ped2/training/frames/03/063.jpg,0
ped2/training/frames/03/064.jpg,0
ped2/training/frames/03/065.jpg,0
ped2/training/frames/03/066.jpg,0
ped2/training/frames/03/067.jpg,0
ped2/training/frames/03/068.jpg,0
ped2/training/frames/03/069.jpg,0
ped2/training/frames/03/070.jpg,0
ped2/training/frames/03/071.jpg,0
ped2/training/frames/03/072.jpg,0
ped2/training/frames/03/073.jpg,0
ped2/training/frames/03/074.jpg,0
ped2/training/frames/03/075.jpg,0
ped2/training/frames/03/076.jpg,0
ped2/training/frames/03/077.jpg,0
ped2/training/frames/03/078.jpg,0
ped2/training/frames/03/079.jpg,0
ped2/training/frames/03/080.jpg,0
ped2/training/frames/03/081.jpg,0
ped2/training/frames/03/082.jpg,0
ped2/training/frames/03/083.jpg,0
ped2/training/frames/03/084.jpg,0
ped2/training/frames/03/085.jpg,0
ped2/training/frames/03/086.jpg,0
ped2/training/frames/03/087.jpg,0
ped2/training/frames/03/088.jpg,0
ped2/training/frames/03/089.jpg,0
ped2/training/frames/03/090.jpg,0
ped2/training/frames/03/091.jpg,0
ped2/training/frames/03/092.jpg,0
ped2/training/frames/03/093.jpg,0
ped2/training/frames/03/094.jpg,0
ped2/training/frames/03/095.jpg,0
ped2/training/frames/03/096.jpg,0
ped2/training/frames/03/097.jpg,0
ped2/training/frames/03/098.jpg,0
ped2/training/frames/03/099.jpg,0
ped2/training/frames/03/100.jpg,0
ped2/training/frames/03/101.jpg,0
ped2/training/frames/03/102.jpg,0
ped2/training/frames/03/103.jpg,0
ped2/training/frames/03/104.jpg,0
ped2/training/frames/03/105.jpg,0
ped2/training/frames/03/106.jpg,0
ped2/training/frames/03/107.jpg,0
ped2/training/frames/03/108.jpg,0
ped2/training/frames/03/109.jpg,0
ped2/training/frames/03/110.jpg,0
ped2/training/frames/03/111.jpg,0
ped2/training/frames/03/112.jpg,0
ped2/training/frames/03/113.jpg,0
ped2/training/frames/03/114.jpg,0
ped2/training/frames/03/115.jpg,0
ped2/training/frames/03/116.jpg,0
ped2/training/frames/03/117.jpg,0
ped2/training/frames/03/118.jpg,0
ped2/training/frames/03/119.jpg,0
ped2/training/frames/03/120.jpg,0
ped2/training/frames/03/121.jpg,0
ped2/training/frames/03/122.jpg,0
ped2/training/frames/03/123.jpg,0
ped2/training/frames/03/124.jpg,0
ped2/training/frames/03/125.jpg,0
ped2/training/frames/03/126.jpg,0
ped2/training/frames/03/127.jpg,0
ped2/training/frames/03/128.jpg,0
ped2/training/frames/03/129.jpg,0
ped2/training/frames/03/130.jpg,0
ped2/training/frames/03/131.jpg,0
ped2/training/frames/03/132.jpg,0
ped2/training/frames/03/133.jpg,0
ped2/training/frames/03/134.jpg,0
ped2/training/frames/03/135.jpg,0
ped2/training/frames/03/136.jpg,0
ped2/training/frames/03/137.jpg,0
ped2/training/frames/03/138.jpg,0
ped2/training/frames/03/139.jpg,0
ped2/training/frames/03/140.jpg,0
ped2/training/frames/03/141.jpg,0
ped2/training/frames/03/142.jpg,0
ped2/training/frames/03/143.jpg,0
ped2/training/frames/03/144.jpg,0
ped2/training/frames/03/145.jpg,0
ped2/training/frames/03/146.jpg,0
ped2/training/frames/03/147.jpg,0
ped2/training/frames/03/148.jpg,0
ped2/training/frames/03/149.jpg,0
ped2/training/frames/04/000.jpg,0
ped2/training/frames/04/001.jpg,0
ped2/training/frames/04/002.jpg,0
ped2/training/frames/04/003.jpg,0
ped2/training/frames/04/004.jpg,0
ped2/training/frames/04/005.jpg,0
ped2/training/frames/04/006.jpg,0
ped2/training/frames/04/007.jpg,0
ped2/training/frames/04/008.jpg,0
ped2/training/frames/04/009.jpg,0
ped2/training/frames/04/010.jpg,0
ped2/training/frames/04/011.jpg,0
ped2/training/frames/04/012.jpg,0
ped2/training/frames/04/013.jpg,0
ped2/training/frames/04/014.jpg,0
ped2/training/frames/04/015.jpg,0
ped2/training/frames/04/016.jpg,0
ped2/training/frames/04/017.jpg,0
ped2/training/frames/04/018.jpg,0
ped2/training/frames/04/019.jpg,0
ped2/training/frames/04/020.jpg,0
ped2/training/frames/04/021.jpg,0
ped2/training/frames/04/022.jpg,0
ped2/training/frames/04/023.jpg,0
ped2/training/frames/04/024.jpg,0
ped2/training/frames/04/025.jpg,0
ped2/training/frames/04/026.jpg,0
ped2/training/frames/04/027.jpg,0
ped2/training/frames/04/028.jpg,0
ped2/training/frames/04/029.jpg,0
ped2/training/frames/04/030.jpg,0
ped2/training/frames/04/031.jpg,0
ped2/training/frames/04/032.jpg,0
ped2/training/frames/04/033.jpg,0
ped2/training/frames/04/034.jpg,0
ped2/training/frames/04/035.jpg,0
ped2/training/frames/04/036.jpg,0
ped2/training/frames/04/037.jpg,0
ped2/training/frames/04/038.jpg,0
ped2/training/frames/04/039.jpg,0
ped2/training/frames/04/040.jpg,0
ped2/training/frames/04/041.jpg,0
ped2/training/frames/04/042.jpg,0
ped2/training/frames/04/043.jpg,0
ped2/training/frames/04/044.jpg,0
ped2/training/frames/04/045.jpg,0
ped2/training/frames/04/046.jpg,0
ped2/training/frames/04/047.jpg,0
ped2/training/frames/04/048.jpg,0
ped2/training/frames/04/049.jpg,0
ped2/training/frames/04/050.jpg,0
ped2/training/frames/04/051.jpg,0
ped2/training/frames/04/052.jpg,0
ped2/training/frames/04/053.jpg,0
ped2/training/frames/04/054.jpg,0
ped2/training/frames/04/055.jpg,0
ped2/training/frames/04/056.jpg,0
ped2/training/frames/04/057.jpg,0
ped2/training/frames/04/058.jpg,0
ped2/training/frames/04/059.jpg,0
ped2/training/frames/04/060.jpg,0
ped2/training/frames/04/061.jpg,0
ped2/training/frames/04/062.jpg,0
ped2/training/frames/04/063.jpg,0
ped2/training/frames/04/064.jpg,0
ped2/training/frames/04/065.jpg,0
ped2/training/frames/04/066.jpg,0
ped2/training/frames/04/067.jpg,0
ped2/training/frames/04/068.jpg,0
ped2/training/frames/04/069.jpg,0
ped2/training/frames/04/070.jpg,0
ped2/training/frames/04/071.jpg,0
ped2/training/frames/04/072.jpg,0
ped2/training/frames/04/073.jpg,0
ped2/training/frames/04/074.jpg,0
ped2/training/frames/04/075.jpg,0
ped2/training/frames/04/076.jpg,0
ped2/training/frames/04/077.jpg,0
ped2/training/frames/04/078.jpg,0
ped2/training/frames/04/079.jpg,0
ped2/training/frames/04/080.jpg,0
ped2/training/frames/04/081.jpg,0
ped2/training/frames/04/082.jpg,0
ped2/training/frames/04/083.jpg,0
ped2/training/frames/04/084.jpg,0
ped2/training/frames/04/085.jpg,0
ped2/training/frames/04/086.jpg,0
ped2/training/frames/04/087.jpg,0
ped2/training/frames/04/088.jpg,0
ped2/training/frames/04/089.jpg,0
ped2/training/frames/04/090.jpg,0
ped2/training/frames/04/091.jpg,0
ped2/training/frames/04/092.jpg,0
ped2/training/frames/04/093.jpg,0
ped2/training/frames/04/094.jpg,0
ped2/training/frames/04/095.jpg,0
ped2/training/frames/04/096.jpg,0
ped2/training/frames/04/097.jpg,0
ped2/training/frames/04/098.jpg,0
ped2/training/frames/04/099.jpg,0
ped2/training/frames/04/100.jpg,0
ped2/training/frames/04/101.jpg,0
ped2/training/frames/04/102.jpg,0
ped2/training/frames/04/103.jpg,0
ped2/training/frames/04/104.jpg,0
ped2/training/frames/04/105.jpg,0
ped2/training/frames/04/106.jpg,0
ped2/training/frames/04/107.jpg,0
ped2/training/frames/04/108.jpg,0
ped2/training/frames/04/109.jpg,0
ped2/training/frames/04/110.jpg,0
ped2/training/frames/04/111.jpg,0
ped2/training/frames/04/112.jpg,0
ped2/training/frames/04/113.jpg,0
ped2/training/frames/04/114.jpg,0
ped2/training/frames/04/115.jpg,0
ped2/training/frames/04/116.jpg,0
ped2/training/frames/04/117.jpg,0
ped2/training/frames/04/118.jpg,0
ped2/training/frames/04/119.jpg,0
ped2/training/frames/04/120.jpg,0
ped2/training/frames/04/121.jpg,0
ped2/training/frames/04/122.jpg,0
ped2/training/frames/04/123.jpg,0
ped2/training/frames/04/124.jpg,0
ped2/training/frames/04/125.jpg,0
ped2/training/frames/04/126.jpg,0
ped2/training/frames/04/127.jpg,0
ped2/training/frames/04/128.jpg,0
ped2/training/frames/04/129.jpg,0
ped2/training/frames/04/130.jpg,0
ped2/training/frames/04/131.jpg,0
ped2/training/frames/04/132.jpg,0
ped2/training/frames/04/133.jpg,0
ped2/training/frames/04/134.jpg,0
ped2/training/frames/04/135.jpg,0
ped2/training/frames/04/136.jpg,0
ped2/training/frames/04/137.jpg,0
ped2/training/frames/04/138.jpg,0
ped2/training/frames/04/139.jpg,0
ped2/training/frames/04/140.jpg,0
ped2/training/frames/04/141.jpg,0
ped2/training/frames/04/142.jpg,0
ped2/training/frames/04/143.jpg,0
ped2/training/frames/04/144.jpg,0
ped2/training/frames/04/145.jpg,0
ped2/training/frames/04/146.jpg,0
ped2/training/frames/04/147.jpg,0
ped2/training/frames/04/148.jpg,0
ped2/training/frames/04/149.jpg,0
ped2/training/frames/04/150.jpg,0
ped2/training/frames/04/151.jpg,0
ped2/training/frames/04/152.jpg,0
ped2/training/frames/04/153.jpg,0
ped2/training/frames/04/154.jpg,0
ped2/training/frames/04/155.jpg,0
ped2/training/frames/04/156.jpg,0
ped2/training/frames/04/157.jpg,0
ped2/training/frames/04/158.jpg,0
ped2/training/frames/04/159.jpg,0
ped2/training/frames/04/160.jpg,0
ped2/training/frames/04/161.jpg,0
ped2/training/frames/04/162.jpg,0
ped2/training/frames/04/163.jpg,0
ped2/training/frames/04/164.jpg,0
ped2/training/frames/04/165.jpg,0
ped2/training/frames/04/166.jpg,0
ped2/training/frames/04/167.jpg,0
ped2/training/frames/04/168.jpg,0
ped2/training/frames/04/169.jpg,0
ped2/training/frames/04/170.jpg,0
ped2/training/frames/04/171.jpg,0
ped2/training/frames/04/172.jpg,0
ped2/training/frames/04/173.jpg,0
ped2/training/frames/04/174.jpg,0
ped2/training/frames/04/175.jpg,0
ped2/training/frames/04/176.jpg,0
ped2/training/frames/04/177.jpg,0
ped2/training/frames/04/178.jpg,0
ped2/training/frames/04/179.jpg,0
ped2/training/frames/05/000.jpg,0
ped2/training/frames/05/001.jpg,0
ped2/training/frames/05/002.jpg,0
ped2/training/frames/05/003.jpg,0
ped2/training/frames/05/004.jpg,0
ped2/training/frames/05/005.jpg,0
ped2/training/frames/05/006.jpg,0
ped2/training/frames/05/007.jpg,0
ped2/training/frames/05/008.jpg,0
ped2/training/frames/05/009.jpg,0
ped2/training/frames/05/010.jpg,0
ped2/training/frames/05/011.jpg,0
ped2/training/frames/05/012.jpg,0
ped2/training/frames/05/013.jpg,0
ped2/training/frames/05/014.jpg,0
ped2/training/frames/05/015.jpg,0
ped2/training/frames/05/016.jpg,0
ped2/training/frames/05/017.jpg,0
ped2/training/frames/05/018.jpg,0
ped2/training/frames/05/019.jpg,0
ped2/training/frames/05/020.jpg,0
ped2/training/frames/05/021.jpg,0
ped2/training/frames/05/022.jpg,0
ped2/training/frames/05/023.jpg,0
ped2/training/frames/05/024.jpg,0
ped2/training/frames/05/025.jpg,0
ped2/training/frames/05/026.jpg,0
ped2/training/frames/05/027.jpg,0
ped2/training/frames/05/028.jpg,0
ped2/training/frames/05/029.jpg,0
ped2/training/frames/05/030.jpg,0
ped2/training/frames/05/031.jpg,0
ped2/training/frames/05/032.jpg,0
ped2/training/frames/05/033.jpg,0
ped2/training/frames/05/034.jpg,0
ped2/training/frames/05/035.jpg,0
ped2/training/frames/05/036.jpg,0
ped2/training/frames/05/037.jpg,0
ped2/training/frames/05/038.jpg,0
ped2/training/frames/05/039.jpg,0
ped2/training/frames/05/040.jpg,0
ped2/training/frames/05/041.jpg,0
ped2/training/frames/05/042.jpg,0
ped2/training/frames/05/043.jpg,0
ped2/training/frames/05/044.jpg,0
ped2/training/frames/05/045.jpg,0
ped2/training/frames/05/046.jpg,0
ped2/training/frames/05/047.jpg,0
ped2/training/frames/05/048.jpg,0
ped2/training/frames/05/049.jpg,0
ped2/training/frames/05/050.jpg,0
ped2/training/frames/05/051.jpg,0
ped2/training/frames/05/052.jpg,0
ped2/training/frames/05/053.jpg,0
ped2/training/frames/05/054.jpg,0
ped2/training/frames/05/055.jpg,0
ped2/training/frames/05/056.jpg,0
ped2/training/frames/05/057.jpg,0
ped2/training/frames/05/058.jpg,0
ped2/training/frames/05/059.jpg,0
ped2/training/frames/05/060.jpg,0
ped2/training/frames/05/061.jpg,0
ped2/training/frames/05/062.jpg,0
ped2/training/frames/05/063.jpg,0
ped2/training/frames/05/064.jpg,0
ped2/training/frames/05/065.jpg,0
ped2/training/frames/05/066.jpg,0
ped2/training/frames/05/067.jpg,0
ped2/training/frames/05/068.jpg,0
ped2/training/frames/05/069.jpg,0
ped2/training/frames/05/070.jpg,0
ped2/training/frames/05/071.jpg,0
ped2/training/frames/05/072.jpg,0
ped2/training/frames/05/073.jpg,0
ped2/training/frames/05/074.jpg,0
ped2/training/frames/05/075.jpg,0
ped2/training/frames/05/076.jpg,0
ped2/training/frames/05/077.jpg,0
ped2/training/frames/05/078.jpg,0
ped2/training/frames/05/079.jpg,0
ped2/training/frames/05/080.jpg,0
ped2/training/frames/05/081.jpg,0
ped2/training/frames/05/082.jpg,0
ped2/training/frames/05/083.jpg,0
ped2/training/frames/05/084.jpg,0
ped2/training/frames/05/085.jpg,0
ped2/training/frames/05/086.jpg,0
ped2/training/frames/05/087.jpg,0
ped2/training/frames/05/088.jpg,0
ped2/training/frames/05/089.jpg,0
ped2/training/frames/05/090.jpg,0
ped2/training/frames/05/091.jpg,0
ped2/training/frames/05/092.jpg,0
ped2/training/frames/05/093.jpg,0
ped2/training/frames/05/094.jpg,0
ped2/training/frames/05/095.jpg,0
ped2/training/frames/05/096.jpg,0
ped2/training/frames/05/097.jpg,0
ped2/training/frames/05/098.jpg,0
ped2/training/frames/05/099.jpg,0
ped2/training/frames/05/100.jpg,0
ped2/training/frames/05/101.jpg,0
ped2/training/frames/05/102.jpg,0
ped2/training/frames/05/103.jpg,0
ped2/training/frames/05/104.jpg,0
ped2/training/frames/05/105.jpg,0
ped2/training/frames/05/106.jpg,0
ped2/training/frames/05/107.jpg,0
ped2/training/frames/05/108.jpg,0
ped2/training/frames/05/109.jpg,0
ped2/training/frames/05/110.jpg,0
ped2/training/frames/05/111.jpg,0
ped2/training/frames/05/112.jpg,0
ped2/training/frames/05/113.jpg,0
ped2/training/frames/05/114.jpg,0
ped2/training/frames/05/115.jpg,0
ped2/training/frames/05/116.jpg,0
ped2/training/frames/05/117.jpg,0
ped2/training/frames/05/118.jpg,0
ped2/training/frames/05/119.jpg,0
ped2/training/frames/05/120.jpg,0
ped2/training/frames/05/121.jpg,0
ped2/training/frames/05/122.jpg,0
ped2/training/frames/05/123.jpg,0
ped2/training/frames/05/124.jpg,0
ped2/training/frames/05/125.jpg,0
ped2/training/frames/05/126.jpg,0
ped2/training/frames/05/127.jpg,0
ped2/training/frames/05/128.jpg,0
ped2/training/frames/05/129.jpg,0
ped2/training/frames/05/130.jpg,0
ped2/training/frames/05/131.jpg,0
ped2/training/frames/05/132.jpg,0
ped2/training/frames/05/133.jpg,0
ped2/training/frames/05/134.jpg,0
ped2/training/frames/05/135.jpg,0
ped2/training/frames/05/136.jpg,0
ped2/training/frames/05/137.jpg,0
ped2/training/frames/05/138.jpg,0
ped2/training/frames/05/139.jpg,0
ped2/training/frames/05/140.jpg,0
ped2/training/frames/05/141.jpg,0
ped2/training/frames/05/142.jpg,0
ped2/training/frames/05/143.jpg,0
ped2/training/frames/05/144.jpg,0
ped2/training/frames/05/145.jpg,0
ped2/training/frames/05/146.jpg,0
ped2/training/frames/05/147.jpg,0
ped2/training/frames/05/148.jpg,0
ped2/training/frames/05/149.jpg,0
ped2/training/frames/05/150.jpg,0
ped2/training/frames/05/151.jpg,0
ped2/training/frames/05/152.jpg,0
ped2/training/frames/05/153.jpg,0
ped2/training/frames/05/154.jpg,0
ped2/training/frames/05/155.jpg,0
ped2/training/frames/05/156.jpg,0
ped2/training/frames/05/157.jpg,0
ped2/training/frames/05/158.jpg,0
ped2/training/frames/05/159.jpg,0
ped2/training/frames/05/160.jpg,0
ped2/training/frames/05/161.jpg,0
ped2/training/frames/05/162.jpg,0
ped2/training/frames/05/163.jpg,0
ped2/training/frames/05/164.jpg,0
ped2/training/frames/05/165.jpg,0
ped2/training/frames/05/166.jpg,0
ped2/training/frames/05/167.jpg,0
ped2/training/frames/05/168.jpg,0
ped2/training/frames/05/169.jpg,0
ped2/training/frames/05/170.jpg,0
ped2/training/frames/05/171.jpg,0
ped2/training/frames/05/172.jpg,0
ped2/training/frames/05/173.jpg,0
ped2/training/frames/05/174.jpg,0
ped2/training/frames/05/175.jpg,0
ped2/training/frames/05/176.jpg,0
ped2/training/frames/05/177.jpg,0
ped2/training/frames/05/178.jpg,0
ped2/training/frames/05/179.jpg,0
ped2/training/frames/06/000.jpg,0
ped2/training/frames/06/001.jpg,0
ped2/training/frames/06/002.jpg,0
ped2/training/frames/06/003.jpg,0
ped2/training/frames/06/004.jpg,0
ped2/training/frames/06/005.jpg,0
ped2/training/frames/06/006.jpg,0
ped2/training/frames/06/007.jpg,0
ped2/training/frames/06/008.jpg,0
ped2/training/frames/06/009.jpg,0
ped2/training/frames/06/010.jpg,0
ped2/training/frames/06/011.jpg,0
ped2/training/frames/06/012.jpg,0
ped2/training/frames/06/013.jpg,0
ped2/training/frames/06/014.jpg,0
ped2/training/frames/06/015.jpg,0
ped2/training/frames/06/016.jpg,0
ped2/training/frames/06/017.jpg,0
ped2/training/frames/06/018.jpg,0
ped2/training/frames/06/019.jpg,0
ped2/training/frames/06/020.jpg,0
ped2/training/frames/06/021.jpg,0
ped2/training/frames/06/022.jpg,0
ped2/training/frames/06/023.jpg,0
ped2/training/frames/06/024.jpg,0
ped2/training/frames/06/025.jpg,0
ped2/training/frames/06/026.jpg,0
ped2/training/frames/06/027.jpg,0
ped2/training/frames/06/028.jpg,0
ped2/training/frames/06/029.jpg,0
ped2/training/frames/06/030.jpg,0
ped2/training/frames/06/031.jpg,0
ped2/training/frames/06/032.jpg,0
ped2/training/frames/06/033.jpg,0
ped2/training/frames/06/034.jpg,0
ped2/training/frames/06/035.jpg,0
ped2/training/frames/06/036.jpg,0
ped2/training/frames/06/037.jpg,0
ped2/training/frames/06/038.jpg,0
ped2/training/frames/06/039.jpg,0
ped2/training/frames/06/040.jpg,0
ped2/training/frames/06/041.jpg,0
ped2/training/frames/06/042.jpg,0
ped2/training/frames/06/043.jpg,0
ped2/training/frames/06/044.jpg,0
ped2/training/frames/06/045.jpg,0
ped2/training/frames/06/046.jpg,0
ped2/training/frames/06/047.jpg,0
ped2/training/frames/06/048.jpg,0
ped2/training/frames/06/049.jpg,0
ped2/training/frames/06/050.jpg,0
ped2/training/frames/06/051.jpg,0
ped2/training/frames/06/052.jpg,0
ped2/training/frames/06/053.jpg,0
ped2/training/frames/06/054.jpg,0
ped2/training/frames/06/055.jpg,0
ped2/training/frames/06/056.jpg,0
ped2/training/frames/06/057.jpg,0
ped2/training/frames/06/058.jpg,0
ped2/training/frames/06/059.jpg,0
ped2/training/frames/06/060.jpg,0
ped2/training/frames/06/061.jpg,0
ped2/training/frames/06/062.jpg,0
ped2/training/frames/06/063.jpg,0
ped2/training/frames/06/064.jpg,0
ped2/training/frames/06/065.jpg,0
ped2/training/frames/06/066.jpg,0
ped2/training/frames/06/067.jpg,0
ped2/training/frames/06/068.jpg,0
ped2/training/frames/06/069.jpg,0
ped2/training/frames/06/070.jpg,0
ped2/training/frames/06/071.jpg,0
ped2/training/frames/06/072.jpg,0
ped2/training/frames/06/073.jpg,0
ped2/training/frames/06/074.jpg,0
ped2/training/frames/06/075.jpg,0
ped2/training/frames/06/076.jpg,0
ped2/training/frames/06/077.jpg,0
ped2/training/frames/06/078.jpg,0
ped2/training/frames/06/079.jpg,0
ped2/training/frames/06/080.jpg,0
ped2/training/frames/06/081.jpg,0
ped2/training/frames/06/082.jpg,0
ped2/training/frames/06/083.jpg,0
ped2/training/frames/06/084.jpg,0
ped2/training/frames/06/085.jpg,0
ped2/training/frames/06/086.jpg,0
ped2/training/frames/06/087.jpg,0
ped2/training/frames/06/088.jpg,0
ped2/training/frames/06/089.jpg,0
ped2/training/frames/06/090.jpg,0
ped2/training/frames/06/091.jpg,0
ped2/training/frames/06/092.jpg,0
ped2/training/frames/06/093.jpg,0
ped2/training/frames/06/094.jpg,0
ped2/training/frames/06/095.jpg,0
ped2/training/frames/06/096.jpg,0
ped2/training/frames/06/097.jpg,0
ped2/training/frames/06/098.jpg,0
ped2/training/frames/06/099.jpg,0
ped2/training/frames/06/100.jpg,0
ped2/training/frames/06/101.jpg,0
ped2/training/frames/06/102.jpg,0
ped2/training/frames/06/103.jpg,0
ped2/training/frames/06/104.jpg,0
ped2/training/frames/06/105.jpg,0
ped2/training/frames/06/106.jpg,0
ped2/training/frames/06/107.jpg,0
ped2/training/frames/06/108.jpg,0
ped2/training/frames/06/109.jpg,0
ped2/training/frames/06/110.jpg,0
ped2/training/frames/06/111.jpg,0
ped2/training/frames/06/112.jpg,0
ped2/training/frames/06/113.jpg,0
ped2/training/frames/06/114.jpg,0
ped2/training/frames/06/115.jpg,0
ped2/training/frames/06/116.jpg,0
ped2/training/frames/06/117.jpg,0
ped2/training/frames/06/118.jpg,0
ped2/training/frames/06/119.jpg,0
ped2/training/frames/06/120.jpg,0
ped2/training/frames/06/121.jpg,0
ped2/training/frames/06/122.jpg,0
ped2/training/frames/06/123.jpg,0
ped2/training/frames/06/124.jpg,0
ped2/training/frames/06/125.jpg,0
ped2/training/frames/06/126.jpg,0
ped2/training/frames/06/127.jpg,0
ped2/training/frames/06/128.jpg,0
ped2/training/frames/06/129.jpg,0
ped2/training/frames/06/130.jpg,0
ped2/training/frames/06/131.jpg,0
ped2/training/frames/06/132.jpg,0
ped2/training/frames/06/133.jpg,0
ped2/training/frames/06/134.jpg,0
ped2/training/frames/06/135.jpg,0
ped2/training/frames/06/136.jpg,0
ped2/training/frames/06/137.jpg,0
ped2/training/frames/06/138.jpg,0
ped2/training/frames/06/139.jpg,0
ped2/training/frames/06/140.jpg,0
ped2/training/frames/06/141.jpg,0
ped2/training/frames/06/142.jpg,0
ped2/training/frames/06/143.jpg,0
ped2/training/frames/06/144.jpg,0
ped2/training/frames/06/145.jpg,0
ped2/training/frames/06/146.jpg,0
ped2/training/frames/06/147.jpg,0
ped2/training/frames/06/148.jpg,0
ped2/training/frames/06/149.jpg,0
ped2/training/frames/07/000.jpg,0
ped2/training/frames/07/001.jpg,0
ped2/training/frames/07/002.jpg,0
ped2/training/frames/07/003.jpg,0
ped2/training/frames/07/004.jpg,0
ped2/training/frames/07/005.jpg,0
ped2/training/frames/07/006.jpg,0
ped2/training/frames/07/007.jpg,0
ped2/training/frames/07/008.jpg,0
ped2/training/frames/07/009.jpg,0
ped2/training/frames/07/010.jpg,0
ped2/training/frames/07/011.jpg,0
ped2/training/frames/07/012.jpg,0
ped2/training/frames/07/013.jpg,0
ped2/training/frames/07/014.jpg,0
ped2/training/frames/07/015.jpg,0
ped2/training/frames/07/016.jpg,0
ped2/training/frames/07/017.jpg,0
ped2/training/frames/07/018.jpg,0
ped2/training/frames/07/019.jpg,0
ped2/training/frames/07/020.jpg,0
ped2/training/frames/07/021.jpg,0
ped2/training/frames/07/022.jpg,0
ped2/training/frames/07/023.jpg,0
ped2/training/frames/07/024.jpg,0
ped2/training/frames/07/025.jpg,0
ped2/training/frames/07/026.jpg,0
ped2/training/frames/07/027.jpg,0
ped2/training/frames/07/028.jpg,0
ped2/training/frames/07/029.jpg,0
ped2/training/frames/07/030.jpg,0
ped2/training/frames/07/031.jpg,0
ped2/training/frames/07/032.jpg,0
ped2/training/frames/07/033.jpg,0
ped2/training/frames/07/034.jpg,0
ped2/training/frames/07/035.jpg,0
ped2/training/frames/07/036.jpg,0
ped2/training/frames/07/037.jpg,0
ped2/training/frames/07/038.jpg,0
ped2/training/frames/07/039.jpg,0
ped2/training/frames/07/040.jpg,0
ped2/training/frames/07/041.jpg,0
ped2/training/frames/07/042.jpg,0
ped2/training/frames/07/043.jpg,0
ped2/training/frames/07/044.jpg,0
ped2/training/frames/07/045.jpg,0
ped2/training/frames/07/046.jpg,0
ped2/training/frames/07/047.jpg,0
ped2/training/frames/07/048.jpg,0
ped2/training/frames/07/049.jpg,0
ped2/training/frames/07/050.jpg,0
ped2/training/frames/07/051.jpg,0
ped2/training/frames/07/052.jpg,0
ped2/training/frames/07/053.jpg,0
ped2/training/frames/07/054.jpg,0
ped2/training/frames/07/055.jpg,0
ped2/training/frames/07/056.jpg,0
ped2/training/frames/07/057.jpg,0
ped2/training/frames/07/058.jpg,0
ped2/training/frames/07/059.jpg,0
ped2/training/frames/07/060.jpg,0
ped2/training/frames/07/061.jpg,0
ped2/training/frames/07/062.jpg,0
ped2/training/frames/07/063.jpg,0
ped2/training/frames/07/064.jpg,0
ped2/training/frames/07/065.jpg,0
ped2/training/frames/07/066.jpg,0
ped2/training/frames/07/067.jpg,0
ped2/training/frames/07/068.jpg,0
ped2/training/frames/07/069.jpg,0
ped2/training/frames/07/070.jpg,0
ped2/training/frames/07/071.jpg,0
ped2/training/frames/07/072.jpg,0
ped2/training/frames/07/073.jpg,0
ped2/training/frames/07/074.jpg,0
ped2/training/frames/07/075.jpg,0
ped2/training/frames/07/076.jpg,0
ped2/training/frames/07/077.jpg,0
ped2/training/frames/07/078.jpg,0
ped2/training/frames/07/079.jpg,0
ped2/training/frames/07/080.jpg,0
ped2/training/frames/07/081.jpg,0
ped2/training/frames/07/082.jpg,0
ped2/training/frames/07/083.jpg,0
ped2/training/frames/07/084.jpg,0
ped2/training/frames/07/085.jpg,0
ped2/training/frames/07/086.jpg,0
ped2/training/frames/07/087.jpg,0
ped2/training/frames/07/088.jpg,0
ped2/training/frames/07/089.jpg,0
ped2/training/frames/07/090.jpg,0
ped2/training/frames/07/091.jpg,0
ped2/training/frames/07/092.jpg,0
ped2/training/frames/07/093.jpg,0
ped2/training/frames/07/094.jpg,0
ped2/training/frames/07/095.jpg,0
ped2/training/frames/07/096.jpg,0
ped2/training/frames/07/097.jpg,0
ped2/training/frames/07/098.jpg,0
ped2/training/frames/07/099.jpg,0
ped2/training/frames/07/100.jpg,0
ped2/training/frames/07/101.jpg,0
ped2/training/frames/07/102.jpg,0
ped2/training/frames/07/103.jpg,0
ped2/training/frames/07/104.jpg,0
ped2/training/frames/07/105.jpg,0
ped2/training/frames/07/106.jpg,0
ped2/training/frames/07/107.jpg,0
ped2/training/frames/07/108.jpg,0
ped2/training/frames/07/109.jpg,0
ped2/training/frames/07/110.jpg,0
ped2/training/frames/07/111.jpg,0
ped2/training/frames/07/112.jpg,0
ped2/training/frames/07/113.jpg,0
ped2/training/frames/07/114.jpg,0
ped2/training/frames/07/115.jpg,0
ped2/training/frames/07/116.jpg,0
ped2/training/frames/07/117.jpg,0
ped2/training/frames/07/118.jpg,0
ped2/training/frames/07/119.jpg,0
ped2/training/frames/07/120.jpg,0
ped2/training/frames/07/121.jpg,0
ped2/training/frames/07/122.jpg,0
ped2/training/frames/07/123.jpg,0
ped2/training/frames/07/124.jpg,0
ped2/training/frames/07/125.jpg,0
ped2/training/frames/07/126.jpg,0
ped2/training/frames/07/127.jpg,0
ped2/training/frames/07/128.jpg,0
ped2/training/frames/07/129.jpg,0
ped2/training/frames/07/130.jpg,0
ped2/training/frames/07/131.jpg,0
ped2/training/frames/07/132.jpg,0
ped2/training/frames/07/133.jpg,0
ped2/training/frames/07/134.jpg,0
ped2/training/frames/07/135.jpg,0
ped2/training/frames/07/136.jpg,0
ped2/training/frames/07/137.jpg,0
ped2/training/frames/07/138.jpg,0
ped2/training/frames/07/139.jpg,0
ped2/training/frames/07/140.jpg,0
ped2/training/frames/07/141.jpg,0
ped2/training/frames/07/142.jpg,0
ped2/training/frames/07/143.jpg,0
ped2/training/frames/07/144.jpg,0
ped2/training/frames/07/145.jpg,0
ped2/training/frames/07/146.jpg,0
ped2/training/frames/07/147.jpg,0
ped2/training/frames/07/148.jpg,0
ped2/training/frames/07/149.jpg,0
ped2/training/frames/08/000.jpg,0
ped2/training/frames/08/001.jpg,0
ped2/training/frames/08/002.jpg,0
ped2/training/frames/08/003.jpg,0
ped2/training/frames/08/004.jpg,0
ped2/training/frames/08/005.jpg,0
ped2/training/frames/08/006.jpg,0
ped2/training/frames/08/007.jpg,0
ped2/training/frames/08/008.jpg,0
ped2/training/frames/08/009.jpg,0
ped2/training/frames/08/010.jpg,0
ped2/training/frames/08/011.jpg,0
ped2/training/frames/08/012.jpg,0
ped2/training/frames/08/013.jpg,0
ped2/training/frames/08/014.jpg,0
ped2/training/frames/08/015.jpg,0
ped2/training/frames/08/016.jpg,0
ped2/training/frames/08/017.jpg,0
ped2/training/frames/08/018.jpg,0
ped2/training/frames/08/019.jpg,0
ped2/training/frames/08/020.jpg,0
ped2/training/frames/08/021.jpg,0
ped2/training/frames/08/022.jpg,0
ped2/training/frames/08/023.jpg,0
ped2/training/frames/08/024.jpg,0
ped2/training/frames/08/025.jpg,0
ped2/training/frames/08/026.jpg,0
ped2/training/frames/08/027.jpg,0
ped2/training/frames/08/028.jpg,0
ped2/training/frames/08/029.jpg,0
ped2/training/frames/08/030.jpg,0
ped2/training/frames/08/031.jpg,0
ped2/training/frames/08/032.jpg,0
ped2/training/frames/08/033.jpg,0
ped2/training/frames/08/034.jpg,0
ped2/training/frames/08/035.jpg,0
ped2/training/frames/08/036.jpg,0
ped2/training/frames/08/037.jpg,0
ped2/training/frames/08/038.jpg,0
ped2/training/frames/08/039.jpg,0
ped2/training/frames/08/040.jpg,0
ped2/training/frames/08/041.jpg,0
ped2/training/frames/08/042.jpg,0
ped2/training/frames/08/043.jpg,0
ped2/training/frames/08/044.jpg,0
ped2/training/frames/08/045.jpg,0
ped2/training/frames/08/046.jpg,0
ped2/training/frames/08/047.jpg,0
ped2/training/frames/08/048.jpg,0
ped2/training/frames/08/049.jpg,0
ped2/training/frames/08/050.jpg,0
ped2/training/frames/08/051.jpg,0
ped2/training/frames/08/052.jpg,0
ped2/training/frames/08/053.jpg,0
ped2/training/frames/08/054.jpg,0
ped2/training/frames/08/055.jpg,0
ped2/training/frames/08/056.jpg,0
ped2/training/frames/08/057.jpg,0
ped2/training/frames/08/058.jpg,0
ped2/training/frames/08/059.jpg,0
ped2/training/frames/08/060.jpg,0
ped2/training/frames/08/061.jpg,0
ped2/training/frames/08/062.jpg,0
ped2/training/frames/08/063.jpg,0
ped2/training/frames/08/064.jpg,0
ped2/training/frames/08/065.jpg,0
ped2/training/frames/08/066.jpg,0
ped2/training/frames/08/067.jpg,0
ped2/training/frames/08/068.jpg,0
ped2/training/frames/08/069.jpg,0
ped2/training/frames/08/070.jpg,0
ped2/training/frames/08/071.jpg,0
ped2/training/frames/08/072.jpg,0
ped2/training/frames/08/073.jpg,0
ped2/training/frames/08/074.jpg,0
ped2/training/frames/08/075.jpg,0
ped2/training/frames/08/076.jpg,0
ped2/training/frames/08/077.jpg,0
ped2/training/frames/08/078.jpg,0
ped2/training/frames/08/079.jpg,0
ped2/training/frames/08/080.jpg,0
ped2/training/frames/08/081.jpg,0
ped2/training/frames/08/082.jpg,0
ped2/training/frames/08/083.jpg,0
ped2/training/frames/08/084.jpg,0
ped2/training/frames/08/085.jpg,0
ped2/training/frames/08/086.jpg,0
ped2/training/frames/08/087.jpg,0
ped2/training/frames/08/088.jpg,0
ped2/training/frames/08/089.jpg,0
ped2/training/frames/08/090.jpg,0
ped2/training/frames/08/091.jpg,0
ped2/training/frames/08/092.jpg,0
ped2/training/frames/08/093.jpg,0
ped2/training/frames/08/094.jpg,0
ped2/training/frames/08/095.jpg,0
ped2/training/frames/08/096.jpg,0
ped2/training/frames/08/097.jpg,0
ped2/training/frames/08/098.jpg,0
ped2/training/frames/08/099.jpg,0
ped2/training/frames/08/100.jpg,0
ped2/training/frames/08/101.jpg,0
ped2/training/frames/08/102.jpg,0
ped2/training/frames/08/103.jpg,0
ped2/training/frames/08/104.jpg,0
ped2/training/frames/08/105.jpg,0
ped2/training/frames/08/106.jpg,0
ped2/training/frames/08/107.jpg,0
ped2/training/frames/08/108.jpg,0
ped2/training/frames/08/109.jpg,0
ped2/training/frames/08/110.jpg,0
ped2/training/frames/08/111.jpg,0
ped2/training/frames/08/112.jpg,0
ped2/training/frames/08/113.jpg,0
ped2/training/frames/08/114.jpg,0
ped2/training/frames/08/115.jpg,0
ped2/training/frames/08/116.jpg,0
ped2/training/frames/08/117.jpg,0
ped2/training/frames/08/118.jpg,0
ped2/training/frames/08/119.jpg,0
ped2/training/frames/09/000.jpg,0
ped2/training/frames/09/001.jpg,0
ped2/training/frames/09/002.jpg,0
ped2/training/frames/09/003.jpg,0
ped2/training/frames/09/004.jpg,0
ped2/training/frames/09/005.jpg,0
ped2/training/frames/09/006.jpg,0
ped2/training/frames/09/007.jpg,0
ped2/training/frames/09/008.jpg,0
ped2/training/frames/09/009.jpg,0
ped2/training/frames/09/010.jpg,0
ped2/training/frames/09/011.jpg,0
ped2/training/frames/09/012.jpg,0
ped2/training/frames/09/013.jpg,0
ped2/training/frames/09/014.jpg,0
ped2/training/frames/09/015.jpg,0
ped2/training/frames/09/016.jpg,0
ped2/training/frames/09/017.jpg,0
ped2/training/frames/09/018.jpg,0
ped2/training/frames/09/019.jpg,0
ped2/training/frames/09/020.jpg,0
ped2/training/frames/09/021.jpg,0
ped2/training/frames/09/022.jpg,0
ped2/training/frames/09/023.jpg,0
ped2/training/frames/09/024.jpg,0
ped2/training/frames/09/025.jpg,0
ped2/training/frames/09/026.jpg,0
ped2/training/frames/09/027.jpg,0
ped2/training/frames/09/028.jpg,0
ped2/training/frames/09/029.jpg,0
ped2/training/frames/09/030.jpg,0
ped2/training/frames/09/031.jpg,0
ped2/training/frames/09/032.jpg,0
ped2/training/frames/09/033.jpg,0
ped2/training/frames/09/034.jpg,0
ped2/training/frames/09/035.jpg,0
ped2/training/frames/09/036.jpg,0
ped2/training/frames/09/037.jpg,0
ped2/training/frames/09/038.jpg,0
ped2/training/frames/09/039.jpg,0
ped2/training/frames/09/040.jpg,0
ped2/training/frames/09/041.jpg,0
ped2/training/frames/09/042.jpg,0
ped2/training/frames/09/043.jpg,0
ped2/training/frames/09/044.jpg,0
ped2/training/frames/09/045.jpg,0
ped2/training/frames/09/046.jpg,0
ped2/training/frames/09/047.jpg,0
ped2/training/frames/09/048.jpg,0
ped2/training/frames/09/049.jpg,0
ped2/training/frames/09/050.jpg,0
ped2/training/frames/09/051.jpg,0
ped2/training/frames/09/052.jpg,0
ped2/training/frames/09/053.jpg,0
ped2/training/frames/09/054.jpg,0
ped2/training/frames/09/055.jpg,0
ped2/training/frames/09/056.jpg,0
ped2/training/frames/09/057.jpg,0
ped2/training/frames/09/058.jpg,0
ped2/training/frames/09/059.jpg,0
ped2/training/frames/09/060.jpg,0
ped2/training/frames/09/061.jpg,0
ped2/training/frames/09/062.jpg,0
ped2/training/frames/09/063.jpg,0
ped2/training/frames/09/064.jpg,0
ped2/training/frames/09/065.jpg,0
ped2/training/frames/09/066.jpg,0
ped2/training/frames/09/067.jpg,0
ped2/training/frames/09/068.jpg,0
ped2/training/frames/09/069.jpg,0
ped2/training/frames/09/070.jpg,0
ped2/training/frames/09/071.jpg,0
ped2/training/frames/09/072.jpg,0
ped2/training/frames/09/073.jpg,0
ped2/training/frames/09/074.jpg,0
ped2/training/frames/09/075.jpg,0
ped2/training/frames/09/076.jpg,0
ped2/training/frames/09/077.jpg,0
ped2/training/frames/09/078.jpg,0
ped2/training/frames/09/079.jpg,0
ped2/training/frames/09/080.jpg,0
ped2/training/frames/09/081.jpg,0
ped2/training/frames/09/082.jpg,0
ped2/training/frames/09/083.jpg,0
ped2/training/frames/09/084.jpg,0
ped2/training/frames/09/085.jpg,0
ped2/training/frames/09/086.jpg,0
ped2/training/frames/09/087.jpg,0
ped2/training/frames/09/088.jpg,0
ped2/training/frames/09/089.jpg,0
ped2/training/frames/09/090.jpg,0
ped2/training/frames/09/091.jpg,0
ped2/training/frames/09/092.jpg,0
ped2/training/frames/09/093.jpg,0
ped2/training/frames/09/094.jpg,0
ped2/training/frames/09/095.jpg,0
ped2/training/frames/09/096.jpg,0
ped2/training/frames/09/097.jpg,0
ped2/training/frames/09/098.jpg,0
ped2/training/frames/09/099.jpg,0
ped2/training/frames/09/100.jpg,0
ped2/training/frames/09/101.jpg,0
ped2/training/frames/09/102.jpg,0
ped2/training/frames/09/103.jpg,0
ped2/training/frames/09/104.jpg,0
ped2/training/frames/09/105.jpg,0
ped2/training/frames/09/106.jpg,0
ped2/training/frames/09/107.jpg,0
ped2/training/frames/09/108.jpg,0
ped2/training/frames/09/109.jpg,0
ped2/training/frames/09/110.jpg,0
ped2/training/frames/09/111.jpg,0
ped2/training/frames/09/112.jpg,0
ped2/training/frames/09/113.jpg,0
ped2/training/frames/09/114.jpg,0
ped2/training/frames/09/115.jpg,0
ped2/training/frames/09/116.jpg,0
ped2/training/frames/09/117.jpg,0
ped2/training/frames/09/118.jpg,0
ped2/training/frames/09/119.jpg,0
ped2/training/frames/09/120.jpg,0
ped2/training/frames/09/121.jpg,0
ped2/training/frames/09/122.jpg,0
ped2/training/frames/09/123.jpg,0
ped2/training/frames/09/124.jpg,0
ped2/training/frames/09/125.jpg,0
ped2/training/frames/09/126.jpg,0
ped2/training/frames/09/127.jpg,0
ped2/training/frames/09/128.jpg,0
ped2/training/frames/09/129.jpg,0
ped2/training/frames/09/130.jpg,0
ped2/training/frames/09/131.jpg,0
ped2/training/frames/09/132.jpg,0
ped2/training/frames/09/133.jpg,0
ped2/training/frames/09/134.jpg,0
ped2/training/frames/09/135.jpg,0
ped2/training/frames/09/136.jpg,0
ped2/training/frames/09/137.jpg,0
ped2/training/frames/09/138.jpg,0
ped2/training/frames/09/139.jpg,0
ped2/training/frames/09/140.jpg,0
ped2/training/frames/09/141.jpg,0
ped2/training/frames/09/142.jpg,0
ped2/training/frames/09/143.jpg,0
ped2/training/frames/09/144.jpg,0
ped2/training/frames/09/145.jpg,0
ped2/training/frames/09/146.jpg,0
ped2/training/frames/09/147.jpg,0
ped2/training/frames/09/148.jpg,0
ped2/training/frames/09/149.jpg,0
ped2/training/frames/09/150.jpg,0
ped2/training/frames/09/151.jpg,0
ped2/training/frames/09/152.jpg,0
ped2/training/frames/09/153.jpg,0
ped2/training/frames/09/154.jpg,0
ped2/training/frames/09/155.jpg,0
ped2/training/frames/09/156.jpg,0
ped2/training/frames/09/157.jpg,0
ped2/training/frames/09/158.jpg,0
ped2/training/frames/09/159.jpg,0
ped2/training/frames/09/160.jpg,0
ped2/training/frames/09/161.jpg,0
ped2/training/frames/09/162.jpg,0
ped2/training/frames/09/163.jpg,0
ped2/training/frames/09/164.jpg,0
ped2/training/frames/09/165.jpg,0
ped2/training/frames/09/166.jpg,0
ped2/training/frames/09/167.jpg,0
ped2/training/frames/09/168.jpg,0
ped2/training/frames/09/169.jpg,0
ped2/training/frames/09/170.jpg,0
ped2/training/frames/09/171.jpg,0
ped2/training/frames/09/172.jpg,0
ped2/training/frames/09/173.jpg,0
ped2/training/frames/09/174.jpg,0
ped2/training/frames/09/175.jpg,0
ped2/training/frames/09/176.jpg,0
ped2/training/frames/09/177.jpg,0
ped2/training/frames/09/178.jpg,0
ped2/training/frames/09/179.jpg,0
ped2/training/frames/10/000.jpg,0
ped2/training/frames/10/001.jpg,0
ped2/training/frames/10/002.jpg,0
ped2/training/frames/10/003.jpg,0
ped2/training/frames/10/004.jpg,0
ped2/training/frames/10/005.jpg,0
ped2/training/frames/10/006.jpg,0
ped2/training/frames/10/007.jpg,0
ped2/training/frames/10/008.jpg,0
ped2/training/frames/10/009.jpg,0
ped2/training/frames/10/010.jpg,0
ped2/training/frames/10/011.jpg,0
ped2/training/frames/10/012.jpg,0
ped2/training/frames/10/013.jpg,0
ped2/training/frames/10/014.jpg,0
ped2/training/frames/10/015.jpg,0
ped2/training/frames/10/016.jpg,0
ped2/training/frames/10/017.jpg,0
ped2/training/frames/10/018.jpg,0
ped2/training/frames/10/019.jpg,0
ped2/training/frames/10/020.jpg,0
ped2/training/frames/10/021.jpg,0
ped2/training/frames/10/022.jpg,0
ped2/training/frames/10/023.jpg,0
ped2/training/frames/10/024.jpg,0
ped2/training/frames/10/025.jpg,0
ped2/training/frames/10/026.jpg,0
ped2/training/frames/10/027.jpg,0
ped2/training/frames/10/028.jpg,0
ped2/training/frames/10/029.jpg,0
ped2/training/frames/10/030.jpg,0
ped2/training/frames/10/031.jpg,0
ped2/training/frames/10/032.jpg,0
ped2/training/frames/10/033.jpg,0
ped2/training/frames/10/034.jpg,0
ped2/training/frames/10/035.jpg,0
ped2/training/frames/10/036.jpg,0
ped2/training/frames/10/037.jpg,0
ped2/training/frames/10/038.jpg,0
ped2/training/frames/10/039.jpg,0
ped2/training/frames/10/040.jpg,0
ped2/training/frames/10/041.jpg,0
ped2/training/frames/10/042.jpg,0
ped2/training/frames/10/043.jpg,0
ped2/training/frames/10/044.jpg,0
ped2/training/frames/10/045.jpg,0
ped2/training/frames/10/046.jpg,0
ped2/training/frames/10/047.jpg,0
ped2/training/frames/10/048.jpg,0
ped2/training/frames/10/049.jpg,0
ped2/training/frames/10/050.jpg,0
ped2/training/frames/10/051.jpg,0
ped2/training/frames/10/052.jpg,0
ped2/training/frames/10/053.jpg,0
ped2/training/frames/10/054.jpg,0
ped2/training/frames/10/055.jpg,0
ped2/training/frames/10/056.jpg,0
ped2/training/frames/10/057.jpg,0
ped2/training/frames/10/058.jpg,0
ped2/training/frames/10/059.jpg,0
ped2/training/frames/10/060.jpg,0
ped2/training/frames/10/061.jpg,0
ped2/training/frames/10/062.jpg,0
ped2/training/frames/10/063.jpg,0
ped2/training/frames/10/064.jpg,0
ped2/training/frames/10/065.jpg,0
ped2/training/frames/10/066.jpg,0
ped2/training/frames/10/067.jpg,0
ped2/training/frames/10/068.jpg,0
ped2/training/frames/10/069.jpg,0
ped2/training/frames/10/070.jpg,0
ped2/training/frames/10/071.jpg,0
ped2/training/frames/10/072.jpg,0
ped2/training/frames/10/073.jpg,0
ped2/training/frames/10/074.jpg,0
ped2/training/frames/10/075.jpg,0
ped2/training/frames/10/076.jpg,0
ped2/training/frames/10/077.jpg,0
ped2/training/frames/10/078.jpg,0
ped2/training/frames/10/079.jpg,0
ped2/training/frames/10/080.jpg,0
ped2/training/frames/10/081.jpg,0
ped2/training/frames/10/082.jpg,0
ped2/training/frames/10/083.jpg,0
ped2/training/frames/10/084.jpg,0
ped2/training/frames/10/085.jpg,0
ped2/training/frames/10/086.jpg,0
ped2/training/frames/10/087.jpg,0
ped2/training/frames/10/088.jpg,0
ped2/training/frames/10/089.jpg,0
ped2/training/frames/10/090.jpg,0
ped2/training/frames/10/091.jpg,0
ped2/training/frames/10/092.jpg,0
ped2/training/frames/10/093.jpg,0
ped2/training/frames/10/094.jpg,0
ped2/training/frames/10/095.jpg,0
ped2/training/frames/10/096.jpg,0
ped2/training/frames/10/097.jpg,0
ped2/training/frames/10/098.jpg,0
ped2/training/frames/10/099.jpg,0
ped2/training/frames/10/100.jpg,0
ped2/training/frames/10/101.jpg,0
ped2/training/frames/10/102.jpg,0
ped2/training/frames/10/103.jpg,0
ped2/training/frames/10/104.jpg,0
ped2/training/frames/10/105.jpg,0
ped2/training/frames/10/106.jpg,0
ped2/training/frames/10/107.jpg,0
ped2/training/frames/10/108.jpg,0
ped2/training/frames/10/109.jpg,0
ped2/training/frames/10/110.jpg,0
ped2/training/frames/10/111.jpg,0
ped2/training/frames/10/112.jpg,0
ped2/training/frames/10/113.jpg,0
ped2/training/frames/10/114.jpg,0
ped2/training/frames/10/115.jpg,0
ped2/training/frames/10/116.jpg,0
ped2/training/frames/10/117.jpg,0
ped2/training/frames/10/118.jpg,0
ped2/training/frames/10/119.jpg,0
ped2/training/frames/10/120.jpg,0
ped2/training/frames/10/121.jpg,0
ped2/training/frames/10/122.jpg,0
ped2/training/frames/10/123.jpg,0
ped2/training/frames/10/124.jpg,0
ped2/training/frames/10/125.jpg,0
ped2/training/frames/10/126.jpg,0
ped2/training/frames/10/127.jpg,0
ped2/training/frames/10/128.jpg,0
ped2/training/frames/10/129.jpg,0
ped2/training/frames/10/130.jpg,0
ped2/training/frames/10/131.jpg,0
ped2/training/frames/10/132.jpg,0
ped2/training/frames/10/133.jpg,0
ped2/training/frames/10/134.jpg,0
ped2/training/frames/10/135.jpg,0
ped2/training/frames/10/136.jpg,0
ped2/training/frames/10/137.jpg,0
ped2/training/frames/10/138.jpg,0
ped2/training/frames/10/139.jpg,0
ped2/training/frames/10/140.jpg,0
ped2/training/frames/10/141.jpg,0
ped2/training/frames/10/142.jpg,0
ped2/training/frames/10/143.jpg,0
ped2/training/frames/10/144.jpg,0
ped2/training/frames/10/145.jpg,0
ped2/training/frames/10/146.jpg,0
ped2/training/frames/10/147.jpg,0
ped2/training/frames/10/148.jpg,0
ped2/training/frames/10/149.jpg,0
ped2/training/frames/10/150.jpg,0
ped2/training/frames/10/151.jpg,0
ped2/training/frames/10/152.jpg,0
ped2/training/frames/10/153.jpg,0
ped2/training/frames/10/154.jpg,0
ped2/training/frames/10/155.jpg,0
ped2/training/frames/10/156.jpg,0
ped2/training/frames/10/157.jpg,0
ped2/training/frames/10/158.jpg,0
ped2/training/frames/10/159.jpg,0
ped2/training/frames/10/160.jpg,0
ped2/training/frames/10/161.jpg,0
ped2/training/frames/10/162.jpg,0
ped2/training/frames/10/163.jpg,0
ped2/training/frames/10/164.jpg,0
ped2/training/frames/10/165.jpg,0
ped2/training/frames/10/166.jpg,0
ped2/training/frames/10/167.jpg,0
ped2/training/frames/10/168.jpg,0
ped2/training/frames/10/169.jpg,0
ped2/training/frames/10/170.jpg,0
ped2/training/frames/10/171.jpg,0
ped2/training/frames/10/172.jpg,0
ped2/training/frames/10/173.jpg,0
ped2/training/frames/10/174.jpg,0
ped2/training/frames/10/175.jpg,0
ped2/training/frames/10/176.jpg,0
ped2/training/frames/10/177.jpg,0
ped2/training/frames/10/178.jpg,0
ped2/training/frames/10/179.jpg,0
ped2/training/frames/11/000.jpg,0
ped2/training/frames/11/001.jpg,0
ped2/training/frames/11/002.jpg,0
ped2/training/frames/11/003.jpg,0
ped2/training/frames/11/004.jpg,0
ped2/training/frames/11/005.jpg,0
ped2/training/frames/11/006.jpg,0
ped2/training/frames/11/007.jpg,0
ped2/training/frames/11/008.jpg,0
ped2/training/frames/11/009.jpg,0
ped2/training/frames/11/010.jpg,0
ped2/training/frames/11/011.jpg,0
ped2/training/frames/11/012.jpg,0
ped2/training/frames/11/013.jpg,0
ped2/training/frames/11/014.jpg,0
ped2/training/frames/11/015.jpg,0
ped2/training/frames/11/016.jpg,0
ped2/training/frames/11/017.jpg,0
ped2/training/frames/11/018.jpg,0
ped2/training/frames/11/019.jpg,0
ped2/training/frames/11/020.jpg,0
ped2/training/frames/11/021.jpg,0
ped2/training/frames/11/022.jpg,0
ped2/training/frames/11/023.jpg,0
ped2/training/frames/11/024.jpg,0
ped2/training/frames/11/025.jpg,0
ped2/training/frames/11/026.jpg,0
ped2/training/frames/11/027.jpg,0
ped2/training/frames/11/028.jpg,0
ped2/training/frames/11/029.jpg,0
ped2/training/frames/11/030.jpg,0
ped2/training/frames/11/031.jpg,0
ped2/training/frames/11/032.jpg,0
ped2/training/frames/11/033.jpg,0
ped2/training/frames/11/034.jpg,0
ped2/training/frames/11/035.jpg,0
ped2/training/frames/11/036.jpg,0
ped2/training/frames/11/037.jpg,0
ped2/training/frames/11/038.jpg,0
ped2/training/frames/11/039.jpg,0
ped2/training/frames/11/040.jpg,0
ped2/training/frames/11/041.jpg,0
ped2/training/frames/11/042.jpg,0
ped2/training/frames/11/043.jpg,0
ped2/training/frames/11/044.jpg,0
ped2/training/frames/11/045.jpg,0
ped2/training/frames/11/046.jpg,0
ped2/training/frames/11/047.jpg,0
ped2/training/frames/11/048.jpg,0
ped2/training/frames/11/049.jpg,0
ped2/training/frames/11/050.jpg,0
ped2/training/frames/11/051.jpg,0
ped2/training/frames/11/052.jpg,0
ped2/training/frames/11/053.jpg,0
ped2/training/frames/11/054.jpg,0
ped2/training/frames/11/055.jpg,0
ped2/training/frames/11/056.jpg,0
ped2/training/frames/11/057.jpg,0
ped2/training/frames/11/058.jpg,0
ped2/training/frames/11/059.jpg,0
ped2/training/frames/11/060.jpg,0
ped2/training/frames/11/061.jpg,0
ped2/training/frames/11/062.jpg,0
ped2/training/frames/11/063.jpg,0
ped2/training/frames/11/064.jpg,0
ped2/training/frames/11/065.jpg,0
ped2/training/frames/11/066.jpg,0
ped2/training/frames/11/067.jpg,0
ped2/training/frames/11/068.jpg,0
ped2/training/frames/11/069.jpg,0
ped2/training/frames/11/070.jpg,0
ped2/training/frames/11/071.jpg,0
ped2/training/frames/11/072.jpg,0
ped2/training/frames/11/073.jpg,0
ped2/training/frames/11/074.jpg,0
ped2/training/frames/11/075.jpg,0
ped2/training/frames/11/076.jpg,0
ped2/training/frames/11/077.jpg,0
ped2/training/frames/11/078.jpg,0
ped2/training/frames/11/079.jpg,0
ped2/training/frames/11/080.jpg,0
ped2/training/frames/11/081.jpg,0
ped2/training/frames/11/082.jpg,0
ped2/training/frames/11/083.jpg,0
ped2/training/frames/11/084.jpg,0
ped2/training/frames/11/085.jpg,0
ped2/training/frames/11/086.jpg,0
ped2/training/frames/11/087.jpg,0
ped2/training/frames/11/088.jpg,0
ped2/training/frames/11/089.jpg,0
ped2/training/frames/11/090.jpg,0
ped2/training/frames/11/091.jpg,0
ped2/training/frames/11/092.jpg,0
ped2/training/frames/11/093.jpg,0
ped2/training/frames/11/094.jpg,0
ped2/training/frames/11/095.jpg,0
ped2/training/frames/11/096.jpg,0
ped2/training/frames/11/097.jpg,0
ped2/training/frames/11/098.jpg,0
ped2/training/frames/11/099.jpg,0
ped2/training/frames/11/100.jpg,0
ped2/training/frames/11/101.jpg,0
ped2/training/frames/11/102.jpg,0
ped2/training/frames/11/103.jpg,0
ped2/training/frames/11/104.jpg,0
ped2/training/frames/11/105.jpg,0
ped2/training/frames/11/106.jpg,0
ped2/training/frames/11/107.jpg,0
ped2/training/frames/11/108.jpg,0
ped2/training/frames/11/109.jpg,0
ped2/training/frames/11/110.jpg,0
ped2/training/frames/11/111.jpg,0
ped2/training/frames/11/112.jpg,0
ped2/training/frames/11/113.jpg,0
ped2/training/frames/11/114.jpg,0
ped2/training/frames/11/115.jpg,0
ped2/training/frames/11/116.jpg,0
ped2/training/frames/11/117.jpg,0
ped2/training/frames/11/118.jpg,0
ped2/training/frames/11/119.jpg,0
ped2/training/frames/11/120.jpg,0
ped2/training/frames/11/121.jpg,0
ped2/training/frames/11/122.jpg,0
ped2/training/frames/11/123.jpg,0
ped2/training/frames/11/124.jpg,0
ped2/training/frames/11/125.jpg,0
ped2/training/frames/11/126.jpg,0
ped2/training/frames/11/127.jpg,0
ped2/training/frames/11/128.jpg,0
ped2/training/frames/11/129.jpg,0
ped2/training/frames/11/130.jpg,0
ped2/training/frames/11/131.jpg,0
ped2/training/frames/11/132.jpg,0
ped2/training/frames/11/133.jpg,0
ped2/training/frames/11/134.jpg,0
ped2/training/frames/11/135.jpg,0
ped2/training/frames/11/136.jpg,0
ped2/training/frames/11/137.jpg,0
ped2/training/frames/11/138.jpg,0
ped2/training/frames/11/139.jpg,0
ped2/training/frames/11/140.jpg,0
ped2/training/frames/11/141.jpg,0
ped2/training/frames/11/142.jpg,0
ped2/training/frames/11/143.jpg,0
ped2/training/frames/11/144.jpg,0
ped2/training/frames/11/145.jpg,0
ped2/training/frames/11/146.jpg,0
ped2/training/frames/11/147.jpg,0
ped2/training/frames/11/148.jpg,0
ped2/training/frames/11/149.jpg,0
ped2/training/frames/11/150.jpg,0
ped2/training/frames/11/151.jpg,0
ped2/training/frames/11/152.jpg,0
ped2/training/frames/11/153.jpg,0
ped2/training/frames/11/154.jpg,0
ped2/training/frames/11/155.jpg,0
ped2/training/frames/11/156.jpg,0
ped2/training/frames/11/157.jpg,0
ped2/training/frames/11/158.jpg,0
ped2/training/frames/11/159.jpg,0
ped2/training/frames/11/160.jpg,0
ped2/training/frames/11/161.jpg,0
ped2/training/frames/11/162.jpg,0
ped2/training/frames/11/163.jpg,0
ped2/training/frames/11/164.jpg,0
ped2/training/frames/11/165.jpg,0
ped2/training/frames/11/166.jpg,0
ped2/training/frames/11/167.jpg,0
ped2/training/frames/11/168.jpg,0
ped2/training/frames/11/169.jpg,0
ped2/training/frames/11/170.jpg,0
ped2/training/frames/11/171.jpg,0
ped2/training/frames/11/172.jpg,0
ped2/training/frames/11/173.jpg,0
ped2/training/frames/11/174.jpg,0
ped2/training/frames/11/175.jpg,0
ped2/training/frames/11/176.jpg,0
ped2/training/frames/11/177.jpg,0
ped2/training/frames/11/178.jpg,0
ped2/training/frames/11/179.jpg,0
ped2/training/frames/12/000.jpg,0
ped2/training/frames/12/001.jpg,0
ped2/training/frames/12/002.jpg,0
ped2/training/frames/12/003.jpg,0
ped2/training/frames/12/004.jpg,0
ped2/training/frames/12/005.jpg,0
ped2/training/frames/12/006.jpg,0
ped2/training/frames/12/007.jpg,0
ped2/training/frames/12/008.jpg,0
ped2/training/frames/12/009.jpg,0
ped2/training/frames/12/010.jpg,0
ped2/training/frames/12/011.jpg,0
ped2/training/frames/12/012.jpg,0
ped2/training/frames/12/013.jpg,0
ped2/training/frames/12/014.jpg,0
ped2/training/frames/12/015.jpg,0
ped2/training/frames/12/016.jpg,0
ped2/training/frames/12/017.jpg,0
ped2/training/frames/12/018.jpg,0
ped2/training/frames/12/019.jpg,0
ped2/training/frames/12/020.jpg,0
ped2/training/frames/12/021.jpg,0
ped2/training/frames/12/022.jpg,0
ped2/training/frames/12/023.jpg,0
ped2/training/frames/12/024.jpg,0
ped2/training/frames/12/025.jpg,0
ped2/training/frames/12/026.jpg,0
ped2/training/frames/12/027.jpg,0
ped2/training/frames/12/028.jpg,0
ped2/training/frames/12/029.jpg,0
ped2/training/frames/12/030.jpg,0
ped2/training/frames/12/031.jpg,0
ped2/training/frames/12/032.jpg,0
ped2/training/frames/12/033.jpg,0
ped2/training/frames/12/034.jpg,0
ped2/training/frames/12/035.jpg,0
ped2/training/frames/12/036.jpg,0
ped2/training/frames/12/037.jpg,0
ped2/training/frames/12/038.jpg,0
ped2/training/frames/12/039.jpg,0
ped2/training/frames/12/040.jpg,0
ped2/training/frames/12/041.jpg,0
ped2/training/frames/12/042.jpg,0
ped2/training/frames/12/043.jpg,0
ped2/training/frames/12/044.jpg,0
ped2/training/frames/12/045.jpg,0
ped2/training/frames/12/046.jpg,0
ped2/training/frames/12/047.jpg,0
ped2/training/frames/12/048.jpg,0
ped2/training/frames/12/049.jpg,0
ped2/training/frames/12/050.jpg,0
ped2/training/frames/12/051.jpg,0
ped2/training/frames/12/052.jpg,0
ped2/training/frames/12/053.jpg,0
ped2/training/frames/12/054.jpg,0
ped2/training/frames/12/055.jpg,0
ped2/training/frames/12/056.jpg,0
ped2/training/frames/12/057.jpg,0
ped2/training/frames/12/058.jpg,0
ped2/training/frames/12/059.jpg,0
ped2/training/frames/12/060.jpg,0
ped2/training/frames/12/061.jpg,0
ped2/training/frames/12/062.jpg,0
ped2/training/frames/12/063.jpg,0
ped2/training/frames/12/064.jpg,0
ped2/training/frames/12/065.jpg,0
ped2/training/frames/12/066.jpg,0
ped2/training/frames/12/067.jpg,0
ped2/training/frames/12/068.jpg,0
ped2/training/frames/12/069.jpg,0
ped2/training/frames/12/070.jpg,0
ped2/training/frames/12/071.jpg,0
ped2/training/frames/12/072.jpg,0
ped2/training/frames/12/073.jpg,0
ped2/training/frames/12/074.jpg,0
ped2/training/frames/12/075.jpg,0
ped2/training/frames/12/076.jpg,0
ped2/training/frames/12/077.jpg,0
ped2/training/frames/12/078.jpg,0
ped2/training/frames/12/079.jpg,0
ped2/training/frames/12/080.jpg,0
ped2/training/frames/12/081.jpg,0
ped2/training/frames/12/082.jpg,0
ped2/training/frames/12/083.jpg,0
ped2/training/frames/12/084.jpg,0
ped2/training/frames/12/085.jpg,0
ped2/training/frames/12/086.jpg,0
ped2/training/frames/12/087.jpg,0
ped2/training/frames/12/088.jpg,0
ped2/training/frames/12/089.jpg,0
ped2/training/frames/12/090.jpg,0
ped2/training/frames/12/091.jpg,0
ped2/training/frames/12/092.jpg,0
ped2/training/frames/12/093.jpg,0
ped2/training/frames/12/094.jpg,0
ped2/training/frames/12/095.jpg,0
ped2/training/frames/12/096.jpg,0
ped2/training/frames/12/097.jpg,0
ped2/training/frames/12/098.jpg,0
ped2/training/frames/12/099.jpg,0
ped2/training/frames/12/100.jpg,0
ped2/training/frames/12/101.jpg,0
ped2/training/frames/12/102.jpg,0
ped2/training/frames/12/103.jpg,0
ped2/training/frames/12/104.jpg,0
ped2/training/frames/12/105.jpg,0
ped2/training/frames/12/106.jpg,0
ped2/training/frames/12/107.jpg,0
ped2/training/frames/12/108.jpg,0
ped2/training/frames/12/109.jpg,0
ped2/training/frames/12/110.jpg,0
ped2/training/frames/12/111.jpg,0
ped2/training/frames/12/112.jpg,0
ped2/training/frames/12/113.jpg,0
ped2/training/frames/12/114.jpg,0
ped2/training/frames/12/115.jpg,0
ped2/training/frames/12/116.jpg,0
ped2/training/frames/12/117.jpg,0
ped2/training/frames/12/118.jpg,0
ped2/training/frames/12/119.jpg,0
ped2/training/frames/12/120.jpg,0
ped2/training/frames/12/121.jpg,0
ped2/training/frames/12/122.jpg,0
ped2/training/frames/12/123.jpg,0
ped2/training/frames/12/124.jpg,0
ped2/training/frames/12/125.jpg,0
ped2/training/frames/12/126.jpg,0
ped2/training/frames/12/127.jpg,0
ped2/training/frames/12/128.jpg,0
ped2/training/frames/12/129.jpg,0
ped2/training/frames/12/130.jpg,0
ped2/training/frames/12/131.jpg,0
ped2/training/frames/12/132.jpg,0
ped2/training/frames/12/133.jpg,0
ped2/training/frames/12/134.jpg,0
ped2/training/frames/12/135.jpg,0
ped2/training/frames/12/136.jpg,0
ped2/training/frames/12/137.jpg,0
ped2/training/frames/12/138.jpg,0
ped2/training/frames/12/139.jpg,0
ped2/training/frames/12/140.jpg,0
ped2/training/frames/12/141.jpg,0
ped2/training/frames/12/142.jpg,0
ped2/training/frames/12/143.jpg,0
ped2/training/frames/12/144.jpg,0
ped2/training/frames/12/145.jpg,0
ped2/training/frames/12/146.jpg,0
ped2/training/frames/12/147.jpg,0
ped2/training/frames/12/148.jpg,0
ped2/training/frames/12/149.jpg,0
ped2/training/frames/12/150.jpg,0
ped2/training/frames/12/151.jpg,0
ped2/training/frames/12/152.jpg,0
ped2/training/frames/12/153.jpg,0
ped2/training/frames/12/154.jpg,0
ped2/training/frames/12/155.jpg,0
ped2/training/frames/12/156.jpg,0
ped2/training/frames/12/157.jpg,0
ped2/training/frames/12/158.jpg,0
ped2/training/frames/12/159.jpg,0
ped2/training/frames/12/160.jpg,0
ped2/training/frames/12/161.jpg,0
ped2/training/frames/12/162.jpg,0
ped2/training/frames/12/163.jpg,0
ped2/training/frames/12/164.jpg,0
ped2/training/frames/12/165.jpg,0
ped2/training/frames/12/166.jpg,0
ped2/training/frames/12/167.jpg,0
ped2/training/frames/12/168.jpg,0
ped2/training/frames/12/169.jpg,0
ped2/training/frames/12/170.jpg,0
ped2/training/frames/12/171.jpg,0
ped2/training/frames/12/172.jpg,0
ped2/training/frames/12/173.jpg,0
ped2/training/frames/12/174.jpg,0
ped2/training/frames/12/175.jpg,0
ped2/training/frames/12/176.jpg,0
ped2/training/frames/12/177.jpg,0
ped2/training/frames/12/178.jpg,0
ped2/training/frames/12/179.jpg,0
ped2/training/frames/13/000.jpg,0
ped2/training/frames/13/001.jpg,0
ped2/training/frames/13/002.jpg,0
ped2/training/frames/13/003.jpg,0
ped2/training/frames/13/004.jpg,0
ped2/training/frames/13/005.jpg,0
ped2/training/frames/13/006.jpg,0
ped2/training/frames/13/007.jpg,0
ped2/training/frames/13/008.jpg,0
ped2/training/frames/13/009.jpg,0
ped2/training/frames/13/010.jpg,0
ped2/training/frames/13/011.jpg,0
ped2/training/frames/13/012.jpg,0
ped2/training/frames/13/013.jpg,0
ped2/training/frames/13/014.jpg,0
ped2/training/frames/13/015.jpg,0
ped2/training/frames/13/016.jpg,0
ped2/training/frames/13/017.jpg,0
ped2/training/frames/13/018.jpg,0
ped2/training/frames/13/019.jpg,0
ped2/training/frames/13/020.jpg,0
ped2/training/frames/13/021.jpg,0
ped2/training/frames/13/022.jpg,0
ped2/training/frames/13/023.jpg,0
ped2/training/frames/13/024.jpg,0
ped2/training/frames/13/025.jpg,0
ped2/training/frames/13/026.jpg,0
ped2/training/frames/13/027.jpg,0
ped2/training/frames/13/028.jpg,0
ped2/training/frames/13/029.jpg,0
ped2/training/frames/13/030.jpg,0
ped2/training/frames/13/031.jpg,0
ped2/training/frames/13/032.jpg,0
ped2/training/frames/13/033.jpg,0
ped2/training/frames/13/034.jpg,0
ped2/training/frames/13/035.jpg,0
ped2/training/frames/13/036.jpg,0
ped2/training/frames/13/037.jpg,0
ped2/training/frames/13/038.jpg,0
ped2/training/frames/13/039.jpg,0
ped2/training/frames/13/040.jpg,0
ped2/training/frames/13/041.jpg,0
ped2/training/frames/13/042.jpg,0
ped2/training/frames/13/043.jpg,0
ped2/training/frames/13/044.jpg,0
ped2/training/frames/13/045.jpg,0
ped2/training/frames/13/046.jpg,0
ped2/training/frames/13/047.jpg,0
ped2/training/frames/13/048.jpg,0
ped2/training/frames/13/049.jpg,0
ped2/training/frames/13/050.jpg,0
ped2/training/frames/13/051.jpg,0
ped2/training/frames/13/052.jpg,0
ped2/training/frames/13/053.jpg,0
ped2/training/frames/13/054.jpg,0
ped2/training/frames/13/055.jpg,0
ped2/training/frames/13/056.jpg,0
ped2/training/frames/13/057.jpg,0
ped2/training/frames/13/058.jpg,0
ped2/training/frames/13/059.jpg,0
ped2/training/frames/13/060.jpg,0
ped2/training/frames/13/061.jpg,0
ped2/training/frames/13/062.jpg,0
ped2/training/frames/13/063.jpg,0
ped2/training/frames/13/064.jpg,0
ped2/training/frames/13/065.jpg,0
ped2/training/frames/13/066.jpg,0
ped2/training/frames/13/067.jpg,0
ped2/training/frames/13/068.jpg,0
ped2/training/frames/13/069.jpg,0
ped2/training/frames/13/070.jpg,0
ped2/training/frames/13/071.jpg,0
ped2/training/frames/13/072.jpg,0
ped2/training/frames/13/073.jpg,0
ped2/training/frames/13/074.jpg,0
ped2/training/frames/13/075.jpg,0
ped2/training/frames/13/076.jpg,0
ped2/training/frames/13/077.jpg,0
ped2/training/frames/13/078.jpg,0
ped2/training/frames/13/079.jpg,0
ped2/training/frames/13/080.jpg,0
ped2/training/frames/13/081.jpg,0
ped2/training/frames/13/082.jpg,0
ped2/training/frames/13/083.jpg,0
ped2/training/frames/13/084.jpg,0
ped2/training/frames/13/085.jpg,0
ped2/training/frames/13/086.jpg,0
ped2/training/frames/13/087.jpg,0
ped2/training/frames/13/088.jpg,0
ped2/training/frames/13/089.jpg,0
ped2/training/frames/13/090.jpg,0
ped2/training/frames/13/091.jpg,0
ped2/training/frames/13/092.jpg,0
ped2/training/frames/13/093.jpg,0
ped2/training/frames/13/094.jpg,0
ped2/training/frames/13/095.jpg,0
ped2/training/frames/13/096.jpg,0
ped2/training/frames/13/097.jpg,0
ped2/training/frames/13/098.jpg,0
ped2/training/frames/13/099.jpg,0
ped2/training/frames/13/100.jpg,0
ped2/training/frames/13/101.jpg,0
ped2/training/frames/13/102.jpg,0
ped2/training/frames/13/103.jpg,0
ped2/training/frames/13/104.jpg,0
ped2/training/frames/13/105.jpg,0
ped2/training/frames/13/106.jpg,0
ped2/training/frames/13/107.jpg,0
ped2/training/frames/13/108.jpg,0
ped2/training/frames/13/109.jpg,0
ped2/training/frames/13/110.jpg,0
ped2/training/frames/13/111.jpg,0
ped2/training/frames/13/112.jpg,0
ped2/training/frames/13/113.jpg,0
ped2/training/frames/13/114.jpg,0
ped2/training/frames/13/115.jpg,0
ped2/training/frames/13/116.jpg,0
ped2/training/frames/13/117.jpg,0
ped2/training/frames/13/118.jpg,0
ped2/training/frames/13/119.jpg,0
ped2/training/frames/13/120.jpg,0
ped2/training/frames/13/121.jpg,0
ped2/training/frames/13/122.jpg,0
ped2/training/frames/13/123.jpg,0
ped2/training/frames/13/124.jpg,0
ped2/training/frames/13/125.jpg,0
ped2/training/frames/13/126.jpg,0
ped2/training/frames/13/127.jpg,0
ped2/training/frames/13/128.jpg,0
ped2/training/frames/13/129.jpg,0
ped2/training/frames/13/130.jpg,0
ped2/training/frames/13/131.jpg,0
ped2/training/frames/13/132.jpg,0
ped2/training/frames/13/133.jpg,0
ped2/training/frames/13/134.jpg,0
ped2/training/frames/13/135.jpg,0
ped2/training/frames/13/136.jpg,0
ped2/training/frames/13/137.jpg,0
ped2/training/frames/13/138.jpg,0
ped2/training/frames/13/139.jpg,0
ped2/training/frames/13/140.jpg,0
ped2/training/frames/13/141.jpg,0
ped2/training/frames/13/142.jpg,0
ped2/training/frames/13/143.jpg,0
ped2/training/frames/13/144.jpg,0
ped2/training/frames/13/145.jpg,0
ped2/training/frames/13/146.jpg,0
ped2/training/frames/13/147.jpg,0
ped2/training/frames/13/148.jpg,0
ped2/training/frames/13/149.jpg,0
ped2/training/frames/13/150.jpg,0
ped2/training/frames/13/151.jpg,0
ped2/training/frames/13/152.jpg,0
ped2/training/frames/13/153.jpg,0
ped2/training/frames/13/154.jpg,0
ped2/training/frames/13/155.jpg,0
ped2/training/frames/13/156.jpg,0
ped2/training/frames/13/157.jpg,0
ped2/training/frames/13/158.jpg,0
ped2/training/frames/13/159.jpg,0
ped2/training/frames/13/160.jpg,0
ped2/training/frames/13/161.jpg,0
ped2/training/frames/13/162.jpg,0
ped2/training/frames/13/163.jpg,0
ped2/training/frames/13/164.jpg,0
ped2/training/frames/13/165.jpg,0
ped2/training/frames/13/166.jpg,0
ped2/training/frames/13/167.jpg,0
ped2/training/frames/13/168.jpg,0
ped2/training/frames/13/169.jpg,0
ped2/training/frames/13/170.jpg,0
ped2/training/frames/13/171.jpg,0
ped2/training/frames/13/172.jpg,0
ped2/training/frames/13/173.jpg,0
ped2/training/frames/13/174.jpg,0
ped2/training/frames/13/175.jpg,0
ped2/training/frames/13/176.jpg,0
ped2/training/frames/13/177.jpg,0
ped2/training/frames/13/178.jpg,0
ped2/training/frames/13/179.jpg,0
ped2/training/frames/14/000.jpg,0
ped2/training/frames/14/001.jpg,0
ped2/training/frames/14/002.jpg,0
ped2/training/frames/14/003.jpg,0
ped2/training/frames/14/004.jpg,0
ped2/training/frames/14/005.jpg,0
ped2/training/frames/14/006.jpg,0
ped2/training/frames/14/007.jpg,0
ped2/training/frames/14/008.jpg,0
ped2/training/frames/14/009.jpg,0
ped2/training/frames/14/010.jpg,0
ped2/training/frames/14/011.jpg,0
ped2/training/frames/14/012.jpg,0
ped2/training/frames/14/013.jpg,0
ped2/training/frames/14/014.jpg,0
ped2/training/frames/14/015.jpg,0
ped2/training/frames/14/016.jpg,0
ped2/training/frames/14/017.jpg,0
ped2/training/frames/14/018.jpg,0
ped2/training/frames/14/019.jpg,0
ped2/training/frames/14/020.jpg,0
ped2/training/frames/14/021.jpg,0
ped2/training/frames/14/022.jpg,0
ped2/training/frames/14/023.jpg,0
ped2/training/frames/14/024.jpg,0
ped2/training/frames/14/025.jpg,0
ped2/training/frames/14/026.jpg,0
ped2/training/frames/14/027.jpg,0
ped2/training/frames/14/028.jpg,0
ped2/training/frames/14/029.jpg,0
ped2/training/frames/14/030.jpg,0
ped2/training/frames/14/031.jpg,0
ped2/training/frames/14/032.jpg,0
ped2/training/frames/14/033.jpg,0
ped2/training/frames/14/034.jpg,0
ped2/training/frames/14/035.jpg,0
ped2/training/frames/14/036.jpg,0
ped2/training/frames/14/037.jpg,0
ped2/training/frames/14/038.jpg,0
ped2/training/frames/14/039.jpg,0
ped2/training/frames/14/040.jpg,0
ped2/training/frames/14/041.jpg,0
ped2/training/frames/14/042.jpg,0
ped2/training/frames/14/043.jpg,0
ped2/training/frames/14/044.jpg,0
ped2/training/frames/14/045.jpg,0
ped2/training/frames/14/046.jpg,0
ped2/training/frames/14/047.jpg,0
ped2/training/frames/14/048.jpg,0
ped2/training/frames/14/049.jpg,0
ped2/training/frames/14/050.jpg,0
ped2/training/frames/14/051.jpg,0
ped2/training/frames/14/052.jpg,0
ped2/training/frames/14/053.jpg,0
ped2/training/frames/14/054.jpg,0
ped2/training/frames/14/055.jpg,0
ped2/training/frames/14/056.jpg,0
ped2/training/frames/14/057.jpg,0
ped2/training/frames/14/058.jpg,0
ped2/training/frames/14/059.jpg,0
ped2/training/frames/14/060.jpg,0
ped2/training/frames/14/061.jpg,0
ped2/training/frames/14/062.jpg,0
ped2/training/frames/14/063.jpg,0
ped2/training/frames/14/064.jpg,0
ped2/training/frames/14/065.jpg,0
ped2/training/frames/14/066.jpg,0
ped2/training/frames/14/067.jpg,0
ped2/training/frames/14/068.jpg,0
ped2/training/frames/14/069.jpg,0
ped2/training/frames/14/070.jpg,0
ped2/training/frames/14/071.jpg,0
ped2/training/frames/14/072.jpg,0
ped2/training/frames/14/073.jpg,0
ped2/training/frames/14/074.jpg,0
ped2/training/frames/14/075.jpg,0
ped2/training/frames/14/076.jpg,0
ped2/training/frames/14/077.jpg,0
ped2/training/frames/14/078.jpg,0
ped2/training/frames/14/079.jpg,0
ped2/training/frames/14/080.jpg,0
ped2/training/frames/14/081.jpg,0
ped2/training/frames/14/082.jpg,0
ped2/training/frames/14/083.jpg,0
ped2/training/frames/14/084.jpg,0
ped2/training/frames/14/085.jpg,0
ped2/training/frames/14/086.jpg,0
ped2/training/frames/14/087.jpg,0
ped2/training/frames/14/088.jpg,0
ped2/training/frames/14/089.jpg,0
ped2/training/frames/14/090.jpg,0
ped2/training/frames/14/091.jpg,0
ped2/training/frames/14/092.jpg,0
ped2/training/frames/14/093.jpg,0
ped2/training/frames/14/094.jpg,0
ped2/training/frames/14/095.jpg,0
ped2/training/frames/14/096.jpg,0
ped2/training/frames/14/097.jpg,0
ped2/training/frames/14/098.jpg,0
ped2/training/frames/14/099.jpg,0
ped2/training/frames/14/100.jpg,0
ped2/training/frames/14/101.jpg,0
ped2/training/frames/14/102.jpg,0
ped2/training/frames/14/103.jpg,0
ped2/training/frames/14/104.jpg,0
ped2/training/frames/14/105.jpg,0
ped2/training/frames/14/106.jpg,0
ped2/training/frames/14/107.jpg,0
ped2/training/frames/14/108.jpg,0
ped2/training/frames/14/109.jpg,0
ped2/training/frames/14/110.jpg,0
ped2/training/frames/14/111.jpg,0
ped2/training/frames/14/112.jpg,0
ped2/training/frames/14/113.jpg,0
ped2/training/frames/14/114.jpg,0
ped2/training/frames/14/115.jpg,0
ped2/training/frames/14/116.jpg,0
ped2/training/frames/14/117.jpg,0
ped2/training/frames/14/118.jpg,0
ped2/training/frames/14/119.jpg,0
ped2/training/frames/14/120.jpg,0
ped2/training/frames/14/121.jpg,0
ped2/training/frames/14/122.jpg,0
ped2/training/frames/14/123.jpg,0
ped2/training/frames/14/124.jpg,0
ped2/training/frames/14/125.jpg,0
ped2/training/frames/14/126.jpg,0
ped2/training/frames/14/127.jpg,0
ped2/training/frames/14/128.jpg,0
ped2/training/frames/14/129.jpg,0
ped2/training/frames/14/130.jpg,0
ped2/training/frames/14/131.jpg,0
ped2/training/frames/14/132.jpg,0
ped2/training/frames/14/133.jpg,0
ped2/training/frames/14/134.jpg,0
ped2/training/frames/14/135.jpg,0
ped2/training/frames/14/136.jpg,0
ped2/training/frames/14/137.jpg,0
ped2/training/frames/14/138.jpg,0
ped2/training/frames/14/139.jpg,0
ped2/training/frames/14/140.jpg,0
ped2/training/frames/14/141.jpg,0
ped2/training/frames/14/142.jpg,0
ped2/training/frames/14/143.jpg,0
ped2/training/frames/14/144.jpg,0
ped2/training/frames/14/145.jpg,0
ped2/training/frames/14/146.jpg,0
ped2/training/frames/14/147.jpg,0
ped2/training/frames/14/148.jpg,0
ped2/training/frames/14/149.jpg,0
ped2/training/frames/15/000.jpg,0
ped2/training/frames/15/001.jpg,0
ped2/training/frames/15/002.jpg,0
ped2/training/frames/15/003.jpg,0
ped2/training/frames/15/004.jpg,0
ped2/training/frames/15/005.jpg,0
ped2/training/frames/15/006.jpg,0
ped2/training/frames/15/007.jpg,0
ped2/training/frames/15/008.jpg,0
ped2/training/frames/15/009.jpg,0
ped2/training/frames/15/010.jpg,0
ped2/training/frames/15/011.jpg,0
ped2/training/frames/15/012.jpg,0
ped2/training/frames/15/013.jpg,0
ped2/training/frames/15/014.jpg,0
ped2/training/frames/15/015.jpg,0
ped2/training/frames/15/016.jpg,0
ped2/training/frames/15/017.jpg,0
ped2/training/frames/15/018.jpg,0
ped2/training/frames/15/019.jpg,0
ped2/training/frames/15/020.jpg,0
ped2/training/frames/15/021.jpg,0
ped2/training/frames/15/022.jpg,0
ped2/training/frames/15/023.jpg,0
ped2/training/frames/15/024.jpg,0
ped2/training/frames/15/025.jpg,0
ped2/training/frames/15/026.jpg,0
ped2/training/frames/15/027.jpg,0
ped2/training/frames/15/028.jpg,0
ped2/training/frames/15/029.jpg,0
ped2/training/frames/15/030.jpg,0
ped2/training/frames/15/031.jpg,0
ped2/training/frames/15/032.jpg,0
ped2/training/frames/15/033.jpg,0
ped2/training/frames/15/034.jpg,0
ped2/training/frames/15/035.jpg,0
ped2/training/frames/15/036.jpg,0
ped2/training/frames/15/037.jpg,0
ped2/training/frames/15/038.jpg,0
ped2/training/frames/15/039.jpg,0
ped2/training/frames/15/040.jpg,0
ped2/training/frames/15/041.jpg,0
ped2/training/frames/15/042.jpg,0
ped2/training/frames/15/043.jpg,0
ped2/training/frames/15/044.jpg,0
ped2/training/frames/15/045.jpg,0
ped2/training/frames/15/046.jpg,0
ped2/training/frames/15/047.jpg,0
ped2/training/frames/15/048.jpg,0
ped2/training/frames/15/049.jpg,0
ped2/training/frames/15/050.jpg,0
ped2/training/frames/15/051.jpg,0
ped2/training/frames/15/052.jpg,0
ped2/training/frames/15/053.jpg,0
ped2/training/frames/15/054.jpg,0
ped2/training/frames/15/055.jpg,0
ped2/training/frames/15/056.jpg,0
ped2/training/frames/15/057.jpg,0
ped2/training/frames/15/058.jpg,0
ped2/training/frames/15/059.jpg,0
ped2/training/frames/15/060.jpg,0
ped2/training/frames/15/061.jpg,0
ped2/training/frames/15/062.jpg,0
ped2/training/frames/15/063.jpg,0
ped2/training/frames/15/064.jpg,0
ped2/training/frames/15/065.jpg,0
ped2/training/frames/15/066.jpg,0
ped2/training/frames/15/067.jpg,0
ped2/training/frames/15/068.jpg,0
ped2/training/frames/15/069.jpg,0
ped2/training/frames/15/070.jpg,0
ped2/training/frames/15/071.jpg,0
ped2/training/frames/15/072.jpg,0
ped2/training/frames/15/073.jpg,0
ped2/training/frames/15/074.jpg,0
ped2/training/frames/15/075.jpg,0
ped2/training/frames/15/076.jpg,0
ped2/training/frames/15/077.jpg,0
ped2/training/frames/15/078.jpg,0
ped2/training/frames/15/079.jpg,0
ped2/training/frames/15/080.jpg,0
ped2/training/frames/15/081.jpg,0
ped2/training/frames/15/082.jpg,0
ped2/training/frames/15/083.jpg,0
ped2/training/frames/15/084.jpg,0
ped2/training/frames/15/085.jpg,0
ped2/training/frames/15/086.jpg,0
ped2/training/frames/15/087.jpg,0
ped2/training/frames/15/088.jpg,0
ped2/training/frames/15/089.jpg,0
ped2/training/frames/15/090.jpg,0
ped2/training/frames/15/091.jpg,0
ped2/training/frames/15/092.jpg,0
ped2/training/frames/15/093.jpg,0
ped2/training/frames/15/094.jpg,0
ped2/training/frames/15/095.jpg,0
ped2/training/frames/15/096.jpg,0
ped2/training/frames/15/097.jpg,0
ped2/training/frames/15/098.jpg,0
ped2/training/frames/15/099.jpg,0
ped2/training/frames/15/100.jpg,0
ped2/training/frames/15/101.jpg,0
ped2/training/frames/15/102.jpg,0
ped2/training/frames/15/103.jpg,0
ped2/training/frames/15/104.jpg,0
ped2/training/frames/15/105.jpg,0
ped2/training/frames/15/106.jpg,0
ped2/training/frames/15/107.jpg,0
ped2/training/frames/15/108.jpg,0
ped2/training/frames/15/109.jpg,0
ped2/training/frames/15/110.jpg,0
ped2/training/frames/15/111.jpg,0
ped2/training/frames/15/112.jpg,0
ped2/training/frames/15/113.jpg,0
ped2/training/frames/15/114.jpg,0
ped2/training/frames/15/115.jpg,0
ped2/training/frames/15/116.jpg,0
ped2/training/frames/15/117.jpg,0
ped2/training/frames/15/118.jpg,0
ped2/training/frames/15/119.jpg,0
ped2/training/frames/15/120.jpg,0
ped2/training/frames/15/121.jpg,0
ped2/training/frames/15/122.jpg,0
ped2/training/frames/15/123.jpg,0
ped2/training/frames/15/124.jpg,0
ped2/training/frames/15/125.jpg,0
ped2/training/frames/15/126.jpg,0
ped2/training/frames/15/127.jpg,0
ped2/training/frames/15/128.jpg,0
ped2/training/frames/15/129.jpg,0
ped2/training/frames/15/130.jpg,0
ped2/training/frames/15/131.jpg,0
ped2/training/frames/15/132.jpg,0
ped2/training/frames/15/133.jpg,0
ped2/training/frames/15/134.jpg,0
ped2/training/frames/15/135.jpg,0
ped2/training/frames/15/136.jpg,0
ped2/training/frames/15/137.jpg,0
ped2/training/frames/15/138.jpg,0
ped2/training/frames/15/139.jpg,0
ped2/training/frames/15/140.jpg,0
ped2/training/frames/15/141.jpg,0
ped2/training/frames/15/142.jpg,0
ped2/training/frames/15/143.jpg,0
ped2/training/frames/15/144.jpg,0
ped2/training/frames/15/145.jpg,0
ped2/training/frames/15/146.jpg,0
ped2/training/frames/15/147.jpg,0
ped2/training/frames/15/148.jpg,0
ped2/training/frames/15/149.jpg,0
ped2/training/frames/16/000.jpg,0
ped2/training/frames/16/001.jpg,0
ped2/training/frames/16/002.jpg,0
ped2/training/frames/16/003.jpg,0
ped2/training/frames/16/004.jpg,0
ped2/training/frames/16/005.jpg,0
ped2/training/frames/16/006.jpg,0
ped2/training/frames/16/007.jpg,0
ped2/training/frames/16/008.jpg,0
ped2/training/frames/16/009.jpg,0
ped2/training/frames/16/010.jpg,0
ped2/training/frames/16/011.jpg,0
ped2/training/frames/16/012.jpg,0
ped2/training/frames/16/013.jpg,0
ped2/training/frames/16/014.jpg,0
ped2/training/frames/16/015.jpg,0
ped2/training/frames/16/016.jpg,0
ped2/training/frames/16/017.jpg,0
ped2/training/frames/16/018.jpg,0
ped2/training/frames/16/019.jpg,0
ped2/training/frames/16/020.jpg,0
ped2/training/frames/16/021.jpg,0
ped2/training/frames/16/022.jpg,0
ped2/training/frames/16/023.jpg,0
ped2/training/frames/16/024.jpg,0
ped2/training/frames/16/025.jpg,0
ped2/training/frames/16/026.jpg,0
ped2/training/frames/16/027.jpg,0
ped2/training/frames/16/028.jpg,0
ped2/training/frames/16/029.jpg,0
ped2/training/frames/16/030.jpg,0
ped2/training/frames/16/031.jpg,0
ped2/training/frames/16/032.jpg,0
ped2/training/frames/16/033.jpg,0
ped2/training/frames/16/034.jpg,0
ped2/training/frames/16/035.jpg,0
ped2/training/frames/16/036.jpg,0
ped2/training/frames/16/037.jpg,0
ped2/training/frames/16/038.jpg,0
ped2/training/frames/16/039.jpg,0
ped2/training/frames/16/040.jpg,0
ped2/training/frames/16/041.jpg,0
ped2/training/frames/16/042.jpg,0
ped2/training/frames/16/043.jpg,0
ped2/training/frames/16/044.jpg,0
ped2/training/frames/16/045.jpg,0
ped2/training/frames/16/046.jpg,0
ped2/training/frames/16/047.jpg,0
ped2/training/frames/16/048.jpg,0
ped2/training/frames/16/049.jpg,0
ped2/training/frames/16/050.jpg,0
ped2/training/frames/16/051.jpg,0
ped2/training/frames/16/052.jpg,0
ped2/training/frames/16/053.jpg,0
ped2/training/frames/16/054.jpg,0
ped2/training/frames/16/055.jpg,0
ped2/training/frames/16/056.jpg,0
ped2/training/frames/16/057.jpg,0
ped2/training/frames/16/058.jpg,0
ped2/training/frames/16/059.jpg,0
ped2/training/frames/16/060.jpg,0
ped2/training/frames/16/061.jpg,0
ped2/training/frames/16/062.jpg,0
ped2/training/frames/16/063.jpg,0
ped2/training/frames/16/064.jpg,0
ped2/training/frames/16/065.jpg,0
ped2/training/frames/16/066.jpg,0
ped2/training/frames/16/067.jpg,0
ped2/training/frames/16/068.jpg,0
ped2/training/frames/16/069.jpg,0
ped2/training/frames/16/070.jpg,0
ped2/training/frames/16/071.jpg,0
ped2/training/frames/16/072.jpg,0
ped2/training/frames/16/073.jpg,0
ped2/training/frames/16/074.jpg,0
ped2/training/frames/16/075.jpg,0
ped2/training/frames/16/076.jpg,0
ped2/training/frames/16/077.jpg,0
ped2/training/frames/16/078.jpg,0
ped2/training/frames/16/079.jpg,0
ped2/training/frames/16/080.jpg,0
ped2/training/frames/16/081.jpg,0
ped2/training/frames/16/082.jpg,0
ped2/training/frames/16/083.jpg,0
ped2/training/frames/16/084.jpg,0
ped2/training/frames/16/085.jpg,0
ped2/training/frames/16/086.jpg,0
ped2/training/frames/16/087.jpg,0
ped2/training/frames/16/088.jpg,0
ped2/training/frames/16/089.jpg,0
ped2/training/frames/16/090.jpg,0
ped2/training/frames/16/091.jpg,0
ped2/training/frames/16/092.jpg,0
ped2/training/frames/16/093.jpg,0
ped2/training/frames/16/094.jpg,0
ped2/training/frames/16/095.jpg,0
ped2/training/frames/16/096.jpg,0
ped2/training/frames/16/097.jpg,0
ped2/training/frames/16/098.jpg,0
ped2/training/frames/16/099.jpg,0
ped2/training/frames/16/100.jpg,0
ped2/training/frames/16/101.jpg,0
ped2/training/frames/16/102.jpg,0
ped2/training/frames/16/103.jpg,0
ped2/training/frames/16/104.jpg,0
ped2/training/frames/16/105.jpg,0
ped2/training/frames/16/106.jpg,0
ped2/training/frames/16/107.jpg,0
ped2/training/frames/16/108.jpg,0
ped2/training/frames/16/109.jpg,0
ped2/training/frames/16/110.jpg,0
ped2/training/frames/16/111.jpg,0
ped2/training/frames/16/112.jpg,0
ped2/training/frames/16/113.jpg,0
ped2/training/frames/16/114.jpg,0
ped2/training/frames/16/115.jpg,0
ped2/training/frames/16/116.jpg,0
ped2/training/frames/16/117.jpg,0
ped2/training/frames/16/118.jpg,0
ped2/training/frames/16/119.jpg,0
ped2/training/frames/16/120.jpg,0
ped2/training/frames/16/121.jpg,0
ped2/training/frames/16/122.jpg,0
ped2/training/frames/16/123.jpg,0
ped2/training/frames/16/124.jpg,0
ped2/training/frames/16/125.jpg,0
ped2/training/frames/16/126.jpg,0
ped2/training/frames/16/127.jpg,0
ped2/training/frames/16/128.jpg,0
ped2/training/frames/16/129.jpg,0
ped2/training/frames/16/130.jpg,0
ped2/training/frames/16/131.jpg,0
ped2/training/frames/16/132.jpg,0
ped2/training/frames/16/133.jpg,0
ped2/training/frames/16/134.jpg,0
ped2/training/frames/16/135.jpg,0
ped2/training/frames/16/136.jpg,0
ped2/training/frames/16/137.jpg,0
ped2/training/frames/16/138.jpg,0
ped2/training/frames/16/139.jpg,0
ped2/training/frames/16/140.jpg,0
ped2/training/frames/16/141.jpg,0
ped2/training/frames/16/142.jpg,0
ped2/training/frames/16/143.jpg,0
ped2/training/frames/16/144.jpg,0
ped2/training/frames/16/145.jpg,0
ped2/training/frames/16/146.jpg,0
ped2/training/frames/16/147.jpg,0
ped2/training/frames/16/148.jpg,0
ped2/training/frames/16/149.jpg,0
